{
  "annotations": {
    "list": [
      {
        "builtIn": 1,
        "datasource": {
          "type": "datasource",
          "uid": "grafana"
        },
        "enable": true,
        "hide": true,
        "iconColor": "rgba(0, 211, 255, 1)",
        "limit": 100,
        "name": "Annotations & Alerts",
        "showIn": 0,
        "target": {
          "limit": 100,
          "matchAny": false,
          "tags": [],
          "type": "dashboard"
        },
        "type": "dashboard"
      }
    ]
  },
  "description": "",
  "editable": true,
  "fiscalYearStartMonth": 0,
  "graphTooltip": 0,
  "id": 11,
  "links": [],
  "liveNow": false,
  "panels": [
    {
      "datasource": {
        "type": "postgres",
        "uid": "cR3AV2Mnz"
      },
      "description": "",
      "fieldConfig": {
        "defaults": {
          "color": {
            "mode": "palette-classic"
          },
          "custom": {
            "axisBorderShow": false,
            "axisCenteredZero": false,
            "axisColorMode": "text",
            "axisLabel": "",
            "axisPlacement": "auto",
            "barAlignment": 0,
            "barWidthFactor": 0.6,
            "drawStyle": "line",
            "fillOpacity": 10,
            "gradientMode": "none",
            "hideFrom": {
              "legend": false,
              "tooltip": false,
              "viz": false
            },
            "insertNulls": false,
            "lineInterpolation": "linear",
            "lineWidth": 1,
            "pointSize": 5,
            "scaleDistribution": {
              "type": "linear"
            },
            "showPoints": "never",
            "spanNulls": true,
            "stacking": {
              "group": "A",
              "mode": "none"
            },
            "thresholdsStyle": {
              "mode": "off"
            }
          },
          "links": [],
          "mappings": [],
          "thresholds": {
            "mode": "absolute",
            "steps": [
              {
                "color": "green",
                "value": null
              },
              {
                "color": "red",
                "value": 80
              }
            ]
          },
          "unit": "short"
        },
        "overrides": []
      },
      "gridPos": {
        "h": 8,
        "w": 24,
        "x": 0,
        "y": 0
      },
      "id": 2,
      "options": {
        "legend": {
          "calcs": [],
          "displayMode": "table",
          "placement": "right",
          "showLegend": true
        },
        "tooltip": {
          "mode": "single",
          "sort": "none"
        }
      },
      "pluginVersion": "8.1.5",
      "targets": [
        {
          "datasource": {
            "type": "postgres",
            "uid": "cR3AV2Mnz"
          },
          "format": "time_series",
          "group": [
            {
              "params": [
                "publisher"
              ],
              "type": "column"
            }
          ],
          "metricColumn": "unit",
          "rawQuery": true,
          "rawSql": "SELECT\n  \"time\" AS \"time\",\n  name AS metric,\n  unit,\n  value\nFROM tms_messages\nWHERE\n  $__timeFilter(\"time\") AND\n  channel = '$channel'\nGROUP BY publisher, \"time\", metric, unit, value\nORDER BY 1,2",
          "refId": "A",
          "select": [
            [
              {
                "params": [
                  "value"
                ],
                "type": "column"
              }
            ]
          ],
          "table": "tms_messages",
          "timeColumn": "\"time\"",
          "timeColumnType": "timestamptz",
          "where": [
            {
              "name": "$__timeFilter",
              "params": [],
              "type": "macro"
            },
            {
              "datatype": "varchar",
              "name": "",
              "params": [
                "channel",
                "=",
                "$channel"
              ],
              "type": "expression"
            }
          ]
        }
      ],
      "title": "Data Graph",
      "type": "timeseries"
    },
    {
      "datasource": {
        "default": true,
        "type": "grafana-postgresql-datasource",
        "uid": "cR3AV2Mnz"
      },
      "fieldConfig": {
        "defaults": {
          "color": {
            "mode": "thresholds"
          },
          "custom": {
            "align": "auto",
            "cellOptions": {
              "type": "auto"
            },
            "filterable": true,
            "inspect": true
          },
          "decimals": 2,
          "mappings": [],
          "thresholds": {
            "mode": "absolute",
            "steps": [
              {
                "color": "green",
                "value": null
              }
            ]
          }
        },
        "overrides": [
          {
            "matcher": {
              "id": "byName",
              "options": "subtopic"
            },
            "properties": [
              {
                "id": "custom.width",
                "value": 400
              }
            ]
          },
          {
            "matcher": {
              "id": "byName",
              "options": "name"
            },
            "properties": [
              {
                "id": "custom.width",
                "value": 195
              }
            ]
          },
          {
            "matcher": {
              "id": "byName",
              "options": "unit"
            },
            "properties": [
              {
                "id": "custom.width",
                "value": 164
              }
            ]
          }
        ]
      },
      "gridPos": {
        "h": 8,
        "w": 24,
        "x": 0,
        "y": 8
      },
      "id": 4,
      "options": {
        "cellHeight": "sm",
        "footer": {
          "countRows": false,
          "fields": "",
          "reducer": [
            "sum"
          ],
          "show": false
        },
        "frameIndex": 1,
        "showHeader": true,
        "sortBy": [
          {
            "desc": true,
            "displayName": "time"
          }
        ]
      },
      "pluginVersion": "11.2.0",
      "targets": [
        {
          "datasource": {
            "type": "postgres",
            "uid": "cR3AV2Mnz"
          },
          "editorMode": "code",
          "format": "table",
          "group": [],
          "metricColumn": "unit",
          "rawQuery": true,
          "rawSql": "SELECT\n  m.time,\n  t.name as publisher,\n  m.subtopic,\n  m.name,\n  m.unit AS unit,\n  m.value,\n  CASE WHEN m.unit = 'base64encoded' THEN convert_from(decode(rpad(string_value, ((length(string_value) + 3) / 4) * 4, '='), 'base64'), 'UTF8')\n  ELSE m.string_value\n  END AS string_value\nFROM tms_messages m\ninner join tng_things t on t.id::text = m.publisher\nWHERE\n  $__timeFilter(\"time\") AND\n  channel = '$channel'\nGROUP BY m.name, t.name, m.subtopic, time, unit, value, string_value\nORDER BY 1,2",
          "refId": "A",
          "select": [
            [
              {
                "params": [
                  "value"
                ],
                "type": "column"
              }
            ]
          ],
          "sql": {
            "columns": [
              {
                "parameters": [],
                "type": "function"
              }
            ],
            "groupBy": [
              {
                "property": {
                  "type": "string"
                },
                "type": "groupBy"
              }
            ],
            "limit": 50
          },
          "table": "tms_messages",
          "timeColumn": "\"time\"",
          "timeColumnType": "timestamptz",
          "where": [
            {
              "name": "$__timeFilter",
              "params": [],
              "type": "macro"
            }
          ]
        }
      ],
      "title": "Data Table",
      "type": "table"
    }
  ],
  "refresh": "",
  "schemaVersion": 39,
  "tags": [],
  "templating": {
    "list": [
      {
        "hide": 2,
        "label": "channel",
        "name": "channel",
        "query": "2a40a178-5090-4a5a-b8bd-bb6b6499ee0b",
        "skipUrlSync": false,
        "type": "constant"
      }
    ]
  },
  "time": {
    "from": "now-24h",
    "to": "now"
  },
  "timepicker": {
    "hidden": false,
    "refresh_intervals": [
      "5s",
      "10s",
      "30s",
      "1m",
      "5m",
      "15m",
      "30m",
      "1h",
      "2h",
      "1d"
    ]
  },
  "timezone": "",
  "title": "Channels - Default Dashboard",
  "uid": "Aj_0hzyZz",
  "version": 3,
  "weekStart": ""
}