{
  "annotations": {
    "list": [
      {
        "builtIn": 1,
        "datasource": {
          "type": "datasource",
          "uid": "grafana"
        },
        "enable": true,
        "hide": true,
        "iconColor": "rgba(0, 211, 255, 1)",
        "limit": 100,
        "name": "Annotations & Alerts",
        "showIn": 0,
        "target": {
          "limit": 100,
          "matchAny": false,
          "tags": [],
          "type": "dashboard"
        },
        "type": "dashboard"
      }
    ]
  },
  "description": "",
  "editable": true,
  "fiscalYearStartMonth": 0,
  "graphTooltip": 0,
  "id": 3,
  "links": [],
  "liveNow": false,
  "panels": [
    {
      "aliasColors": {},
      "bars": false,
      "dashLength": 10,
      "dashes": false,
      "datasource": {
        "type": "postgres",
        "uid": "cR3AV2Mnz"
      },
      "fieldConfig": {
        "defaults": {
          "links": []
        },
        "overrides": []
      },
      "fill": 1,
      "fillGradient": 0,
      "gridPos": {
        "h": 8,
        "w": 24,
        "x": 0,
        "y": 0
      },
      "hiddenSeries": false,
      "id": 2,
      "legend": {
        "avg": false,
        "current": false,
        "max": false,
        "min": false,
        "show": true,
        "total": false,
        "values": false
      },
      "lines": true,
      "linewidth": 1,
      "nullPointMode": "null",
      "options": {
        "alertThreshold": true
      },
      "percentage": false,
      "pluginVersion": "9.2.15",
      "pointradius": 2,
      "points": false,
      "renderer": "flot",
      "seriesOverrides": [],
      "spaceLength": 10,
      "stack": false,
      "steppedLine": false,
      "targets": [
        {
          "datasource": {
            "type": "postgres",
            "uid": "cR3AV2Mnz"
          },
          "format": "time_series",
          "group": [
            {
              "params": [
                "publisher"
              ],
              "type": "column"
            }
          ],
          "metricColumn": "unit",
          "rawQuery": true,
          "rawSql": "SELECT\n  \"time\" AS \"time\",\n  unit AS metric,\n  value\nFROM tms_messages\nWHERE\n  $__timeFilter(\"time\") AND\n  channel = '$channel'\nGROUP BY publisher, \"time\", metric, value\nORDER BY 1,2",
          "refId": "A",
          "select": [
            [
              {
                "params": [
                  "value"
                ],
                "type": "column"
              }
            ]
          ],
          "table": "tms_messages",
          "timeColumn": "\"time\"",
          "timeColumnType": "timestamptz",
          "where": [
            {
              "name": "$__timeFilter",
              "params": [],
              "type": "macro"
            },
            {
              "datatype": "varchar",
              "name": "",
              "params": [
                "channel",
                "=",
                "$channel"
              ],
              "type": "expression"
            }
          ]
        }
      ],
      "thresholds": [],
      "timeRegions": [],
      "tooltip": {
        "shared": true,
        "sort": 0,
        "value_type": "individual"
      },
      "type": "graph",
      "xaxis": {
        "mode": "time",
        "show": true,
        "values": []
      },
      "yaxes": [
        {
          "format": "short",
          "logBase": 1,
          "show": true
        },
        {
          "format": "short",
          "logBase": 1,
          "show": true
        }
      ],
      "yaxis": {
        "align": false
      }
    },
    {
      "datasource": {
        "type": "postgres",
        "uid": "cR3AV2Mnz"
      },
      "fieldConfig": {
        "defaults": {
          "color": {
            "mode": "thresholds"
          },
          "custom": {
            "displayMode": "auto",
            "filterable": false,
            "inspect": false
          },
          "mappings": [],
          "thresholds": {
            "mode": "absolute",
            "steps": [
              {
                "color": "green",
                "value": null
              }
            ]
          }
        },
        "overrides": []
      },
      "gridPos": {
        "h": 8,
        "w": 24,
        "x": 0,
        "y": 8
      },
      "id": 4,
      "options": {
        "footer": {
          "fields": "",
          "reducer": [
            "sum"
          ],
          "show": false
        },
        "frameIndex": 1,
        "showHeader": true
      },
      "pluginVersion": "9.2.15",
      "targets": [
        {
          "datasource": {
            "type": "postgres",
            "uid": "cR3AV2Mnz"
          },
          "format": "table",
          "group": [],
          "metricColumn": "unit",
          "rawQuery": true,
          "rawSql": "SELECT\n  time,\n  unit AS metric,\n  value,\n  string_value\nFROM tms_messages\nWHERE\n  $__timeFilter(\"time\") AND\n  channel = '$channel'\nGROUP BY publisher, time, metric, value, string_value\nORDER BY 1,2",
          "refId": "A",
          "select": [
            [
              {
                "params": [
                  "value"
                ],
                "type": "column"
              }
            ]
          ],
          "table": "tms_messages",
          "timeColumn": "\"time\"",
          "timeColumnType": "timestamptz",
          "where": [
            {
              "name": "$__timeFilter",
              "params": [],
              "type": "macro"
            }
          ]
        }
      ],
      "type": "table"
    }
  ],
  "refresh": "10s",
  "schemaVersion": 37,
  "style": "dark",
  "tags": [],
  "templating": {
    "list": [
      {
        "hide": 2,
        "label": "channel",
        "name": "channel",
        "query": "6a8fde2f-d3ea-40b2-8b25-3699df95c037",
        "skipUrlSync": false,
        "type": "constant"
      }
    ]
  },
  "time": {
    "from": "now-24h",
    "to": "now"
  },
  "timepicker": {
    "hidden": false,
    "refresh_intervals": [
      "5s",
      "10s",
      "30s",
      "1m",
      "5m",
      "15m",
      "30m",
      "1h",
      "2h",
      "1d"
    ]
  },
  "timezone": "",
  "title": "Channels EdgeX - Default Dashboard",
  "uid": "A2eX8g3Gz",
  "version": 1,
  "weekStart": ""
}