{
  "annotations": {
    "list": [
      {
        "builtIn": 1,
        "datasource": {
          "type": "datasource",
          "uid": "grafana"
        },
        "enable": true,
        "hide": true,
        "iconColor": "rgba(0, 211, 255, 1)",
        "name": "Annotations & Alerts",
        "target": {
          "limit": 100,
          "matchAny": false,
          "tags": [],
          "type": "dashboard"
        },
        "type": "dashboard"
      }
    ]
  },
  "editable": true,
  "fiscalYearStartMonth": 0,
  "graphTooltip": 0,
  "id": 6,
  "links": [],
  "liveNow": false,
  "panels": [
    {
      "datasource": {
        "type": "postgres",
        "uid": "cR3AV2Mnz"
      },
      "description": "",
      "fieldConfig": {
        "defaults": {
          "color": {
            "mode": "palette-classic"
          },
          "custom": {
            "axisCenteredZero": false,
            "axisColorMode": "text",
            "axisLabel": "",
            "axisPlacement": "auto",
            "barAlignment": 0,
            "drawStyle": "line",
            "fillOpacity": 15,
            "gradientMode": "none",
            "hideFrom": {
              "legend": false,
              "tooltip": false,
              "viz": false
            },
            "lineInterpolation": "linear",
            "lineStyle": {
              "fill": "solid"
            },
            "lineWidth": 1,
            "pointSize": 5,
            "scaleDistribution": {
              "type": "linear"
            },
            "showPoints": "auto",
            "spanNulls": false,
            "stacking": {
              "group": "A",
              "mode": "none"
            },
            "thresholdsStyle": {
              "mode": "off"
            }
          },
          "links": [],
          "mappings": [],
          "thresholds": {
            "mode": "absolute",
            "steps": [
              {
                "color": "green",
                "value": null
              },
              {
                "color": "red",
                "value": 80
              }
            ]
          },
          "unit": "short"
        },
        "overrides": []
      },
      "gridPos": {
        "h": 8,
        "w": 12,
        "x": 0,
        "y": 0
      },
      "id": 2,
      "options": {
        "legend": {
          "calcs": [],
          "displayMode": "list",
          "placement": "bottom",
          "showLegend": true
        },
        "tooltip": {
          "mode": "multi",
          "sort": "none"
        }
      },
      "pluginVersion": "9.0.1",
      "targets": [
        {
          "datasource": {
            "type": "postgres",
            "uid": "cR3AV2Mnz"
          },
          "format": "time_series",
          "group": [
            {
              "params": [
                "1m",
                "none"
              ],
              "type": "time"
            }
          ],
          "metricColumn": "none",
          "rawQuery": true,
          "rawSql": "SELECT\n  $__timeGroupAlias(\"time\",1m),\n  count(epoch_time) AS \"Msg./Minute\"\nFROM tms_messages\nWHERE\n  $__timeFilter(\"time\")\nGROUP BY 1\nORDER BY 1",
          "refId": "A",
          "select": [
            [
              {
                "params": [
                  "epoch_time"
                ],
                "type": "column"
              },
              {
                "params": [
                  "count"
                ],
                "type": "aggregate"
              },
              {
                "params": [
                  "Msg./Minute"
                ],
                "type": "alias"
              }
            ]
          ],
          "table": "tms_messages",
          "timeColumn": "\"time\"",
          "timeColumnType": "timestamptz",
          "where": [
            {
              "name": "$__timeFilter",
              "params": [],
              "type": "macro"
            }
          ]
        }
      ],
      "title": "Messages Per Hour",
      "type": "timeseries"
    },
    {
      "datasource": {
        "type": "postgres",
        "uid": "cR3AV2Mnz"
      },
      "description": "",
      "fieldConfig": {
        "defaults": {
          "color": {
            "mode": "thresholds"
          },
          "custom": {
            "axisCenteredZero": false,
            "axisColorMode": "text",
            "axisLabel": "",
            "axisPlacement": "auto",
            "fillOpacity": 80,
            "gradientMode": "none",
            "hideFrom": {
              "legend": false,
              "tooltip": false,
              "viz": false
            },
            "lineWidth": 1,
            "scaleDistribution": {
              "type": "linear"
            },
            "thresholdsStyle": {
              "mode": "off"
            }
          },
          "links": [],
          "mappings": [],
          "min": 0,
          "thresholds": {
            "mode": "absolute",
            "steps": [
              {
                "color": "green",
                "value": null
              },
              {
                "color": "#EAB839",
                "value": 75000
              },
              {
                "color": "red",
                "value": 90000
              }
            ]
          }
        },
        "overrides": []
      },
      "gridPos": {
        "h": 8,
        "w": 12,
        "x": 12,
        "y": 0
      },
      "id": 4,
      "options": {
        "barRadius": 0,
        "barWidth": 0.97,
        "fullHighlight": false,
        "groupWidth": 0.7,
        "legend": {
          "calcs": [],
          "displayMode": "list",
          "placement": "bottom",
          "showLegend": true
        },
        "orientation": "auto",
        "showValue": "auto",
        "stacking": "none",
        "tooltip": {
          "mode": "single",
          "sort": "none"
        },
        "xTickLabelRotation": 0,
        "xTickLabelSpacing": 0
      },
      "pluginVersion": "10.0.3",
      "targets": [
        {
          "datasource": {
            "type": "postgres",
            "uid": "cR3AV2Mnz"
          },
          "editorMode": "code",
          "format": "table",
          "group": [],
          "metricColumn": "unit",
          "rawQuery": true,
          "rawSql": "SELECT\n  count(*)\n  , protocol\nFROM tms_messages\nWHERE\n  time >= now() - interval '1 hours'\n  and name != 'bytes'\nGroup by protocol",
          "refId": "A",
          "select": [
            [
              {
                "params": [
                  "value"
                ],
                "type": "column"
              }
            ]
          ],
          "sql": {
            "columns": [
              {
                "parameters": [],
                "type": "function"
              }
            ],
            "groupBy": [
              {
                "property": {
                  "type": "string"
                },
                "type": "groupBy"
              }
            ],
            "limit": 50
          },
          "table": "tms_messages",
          "timeColumn": "\"time\"",
          "timeColumnType": "timestamptz",
          "where": [
            {
              "name": "$__timeFilter",
              "params": [],
              "type": "macro"
            }
          ]
        }
      ],
      "title": "Мsg. per Protocol - Last hour",
      "type": "barchart"
    },
    {
      "datasource": {
        "type": "postgres",
        "uid": "cR3AV2Mnz"
      },
      "fieldConfig": {
        "defaults": {
          "color": {
            "mode": "thresholds"
          },
          "custom": {
            "hideFrom": {
              "legend": false,
              "tooltip": false,
              "viz": false
            }
          },
          "decimals": 4,
          "links": [
            {
              "targetBlank": true,
              "title": "id",
              "url": "http://dev.novavector.com/pages/iot/thing/59ff5049-719a-4f05-979e-18f71e0f5b3b"
            }
          ],
          "mappings": [],
          "thresholds": {
            "mode": "absolute",
            "steps": [
              {
                "color": "rgba(245, 54, 54, 0.9)",
                "value": null
              },
              {
                "color": "rgba(237, 129, 40, 0.89)",
                "value": 0
              },
              {
                "color": "rgba(50, 172, 45, 0.97)",
                "value": 1
              }
            ]
          }
        },
        "overrides": []
      },
      "gridPos": {
        "h": 23,
        "w": 12,
        "x": 0,
        "y": 8
      },
      "id": 18,
      "maxDataPoints": 1,
      "options": {
        "basemap": {
          "config": {},
          "name": "Layer 0",
          "type": "default"
        },
        "controls": {
          "mouseWheelZoom": false,
          "showAttribution": false,
          "showDebug": false,
          "showMeasure": false,
          "showScale": false,
          "showZoom": true
        },
        "layers": [
          {
            "config": {
              "color": {
                "fixed": "dark-green"
              },
              "fillOpacity": 0.4,
              "shape": "circle",
              "showLegend": true,
              "size": {
                "fixed": 5,
                "max": 15,
                "min": 2
              }
            },
            "filterData": {
              "id": "byRefId",
              "options": "A"
            },
            "location": {
              "latitude": "latitude",
              "longitude": "longitude",
              "lookup": "longitude",
              "mode": "coords"
            },
            "name": "Layer 1",
            "type": "markers"
          }
        ],
        "tooltip": {
          "mode": "details"
        },
        "view": {
          "allLayers": true,
          "id": "europe",
          "lat": 46,
          "lon": 14,
          "zoom": 5
        }
      },
      "pluginVersion": "10.0.3",
      "targets": [
        {
          "datasource": {
            "type": "postgres",
            "uid": "cR3AV2Mnz"
          },
          "editorMode": "code",
          "format": "table",
          "group": [
            {
              "params": [
                "$__interval",
                "none"
              ],
              "type": "time"
            }
          ],
          "hide": false,
          "metricColumn": "none",
          "rawQuery": true,
          "rawSql": "SELECT\r\n  --id,\r\n  COALESCE((metadata -> 'profileData' ->> 'site'), name) AS site\r\n  , count(name) as qty\r\n  , substring((metadata -> 'profileData' ->> 'location'), 12, 10)::numeric AS longitude\r\n  , substring((metadata -> 'profileData' ->> 'location'), 1, 10)::numeric AS latitude\r\n  --, metadata -> 'profileData' ->> 'location' as location\r\nFROM\r\n  tng_things\r\nWHERE metadata -> 'profileData' -> 'location' is not null\r\nAND name not in ('GeoFence 01', 'GeoFence 02')\r\ngroup by metadata, id, name;",
          "refId": "A",
          "select": [
            [
              {
                "params": [
                  "value"
                ],
                "type": "column"
              },
              {
                "params": [
                  "avg"
                ],
                "type": "aggregate"
              },
              {
                "params": [
                  "value"
                ],
                "type": "alias"
              }
            ]
          ],
          "sql": {
            "columns": [
              {
                "parameters": [],
                "type": "function"
              }
            ],
            "groupBy": [
              {
                "property": {
                  "type": "string"
                },
                "type": "groupBy"
              }
            ],
            "limit": 50
          },
          "table": "things",
          "timeColumn": "time",
          "where": [
            {
              "datatype": "jsonb",
              "name": "",
              "params": [
                "metadata",
                "=",
                "value"
              ],
              "type": "expression"
            }
          ]
        }
      ],
      "title": "Location",
      "type": "geomap"
    },
    {
      "datasource": {
        "type": "postgres",
        "uid": "cR3AV2Mnz"
      },
      "fieldConfig": {
        "defaults": {
          "color": {
            "mode": "thresholds"
          },
          "mappings": [],
          "max": 100000,
          "min": 0,
          "thresholds": {
            "mode": "absolute",
            "steps": [
              {
                "color": "green",
                "value": null
              },
              {
                "color": "#EAB839",
                "value": 75000
              },
              {
                "color": "red",
                "value": 90000
              }
            ]
          }
        },
        "overrides": []
      },
      "gridPos": {
        "h": 4,
        "w": 4,
        "x": 12,
        "y": 8
      },
      "id": 6,
      "options": {
        "colorMode": "value",
        "graphMode": "area",
        "justifyMode": "auto",
        "orientation": "auto",
        "reduceOptions": {
          "calcs": [
            "last"
          ],
          "fields": "",
          "values": false
        },
        "textMode": "auto"
      },
      "pluginVersion": "10.0.3",
      "targets": [
        {
          "datasource": {
            "type": "postgres",
            "uid": "cR3AV2Mnz"
          },
          "editorMode": "code",
          "format": "table",
          "group": [],
          "metricColumn": "none",
          "rawQuery": true,
          "rawSql": "SELECT\n  count(*)\nFROM tng_things\nWHERE type = 'device'\n-- AND owner = 'NovaVector.IHS'\nORDER BY 1",
          "refId": "A",
          "select": [
            [
              {
                "params": [
                  "value"
                ],
                "type": "column"
              }
            ]
          ],
          "sql": {
            "columns": [
              {
                "parameters": [],
                "type": "function"
              }
            ],
            "groupBy": [
              {
                "property": {
                  "type": "string"
                },
                "type": "groupBy"
              }
            ],
            "limit": 50
          },
          "table": "things",
          "timeColumn": "time",
          "where": []
        }
      ],
      "title": "Number of Things",
      "type": "stat"
    },
    {
      "datasource": {
        "type": "postgres",
        "uid": "cR3AV2Mnz"
      },
      "fieldConfig": {
        "defaults": {
          "color": {
            "mode": "thresholds"
          },
          "mappings": [],
          "max": 100000,
          "min": 0,
          "thresholds": {
            "mode": "absolute",
            "steps": [
              {
                "color": "green",
                "value": null
              },
              {
                "color": "#EAB839",
                "value": 75000
              },
              {
                "color": "red",
                "value": 90000
              }
            ]
          }
        },
        "overrides": []
      },
      "gridPos": {
        "h": 4,
        "w": 4,
        "x": 16,
        "y": 8
      },
      "id": 8,
      "options": {
        "colorMode": "value",
        "graphMode": "area",
        "justifyMode": "auto",
        "orientation": "auto",
        "reduceOptions": {
          "calcs": [
            "last"
          ],
          "fields": "",
          "values": false
        },
        "textMode": "auto"
      },
      "pluginVersion": "10.0.3",
      "targets": [
        {
          "datasource": {
            "type": "postgres",
            "uid": "cR3AV2Mnz"
          },
          "editorMode": "code",
          "format": "table",
          "group": [],
          "metricColumn": "none",
          "rawQuery": true,
          "rawSql": "SELECT\n  count(*)\nFROM\n  tng_channels\nWHERE type = 'device'\n-- AND owner = 'NovaVector.IHS'\n",
          "refId": "A",
          "select": [
            [
              {
                "params": [
                  "value"
                ],
                "type": "column"
              }
            ]
          ],
          "sql": {
            "columns": [
              {
                "parameters": [],
                "type": "function"
              }
            ],
            "groupBy": [
              {
                "property": {
                  "type": "string"
                },
                "type": "groupBy"
              }
            ],
            "limit": 50
          },
          "timeColumn": "time",
          "where": [
            {
              "name": "$__timeFilter",
              "params": [],
              "type": "macro"
            }
          ]
        }
      ],
      "title": "Number of Channels",
      "type": "stat"
    },
    {
      "datasource": {
        "type": "postgres",
        "uid": "cR3AV2Mnz"
      },
      "fieldConfig": {
        "defaults": {
          "color": {
            "mode": "thresholds"
          },
          "mappings": [],
          "max": 100000,
          "min": 0,
          "thresholds": {
            "mode": "absolute",
            "steps": [
              {
                "color": "green",
                "value": null
              },
              {
                "color": "#EAB839",
                "value": 75000
              },
              {
                "color": "red",
                "value": 90000
              }
            ]
          }
        },
        "overrides": []
      },
      "gridPos": {
        "h": 4,
        "w": 4,
        "x": 20,
        "y": 8
      },
      "id": 10,
      "options": {
        "colorMode": "value",
        "graphMode": "area",
        "justifyMode": "auto",
        "orientation": "auto",
        "reduceOptions": {
          "calcs": [
            "last"
          ],
          "fields": "",
          "values": false
        },
        "textMode": "auto"
      },
      "pluginVersion": "10.0.3",
      "targets": [
        {
          "datasource": {
            "type": "postgres",
            "uid": "cR3AV2Mnz"
          },
          "editorMode": "code",
          "format": "table",
          "group": [],
          "metricColumn": "none",
          "rawQuery": true,
          "rawSql": "SELECT\n  COUNT(*)\nFROM\n  tng_connections\nWHERE 1 = 1\n--AND thing_owner = 'NovaVector.IHS'\n",
          "refId": "A",
          "select": [
            [
              {
                "params": [
                  "value"
                ],
                "type": "column"
              }
            ]
          ],
          "sql": {
            "columns": [
              {
                "parameters": [],
                "type": "function"
              }
            ],
            "groupBy": [
              {
                "property": {
                  "type": "string"
                },
                "type": "groupBy"
              }
            ],
            "limit": 50
          },
          "timeColumn": "time",
          "where": [
            {
              "name": "$__timeFilter",
              "params": [],
              "type": "macro"
            }
          ]
        }
      ],
      "title": "Number of Connections",
      "type": "stat"
    },
    {
      "datasource": {
        "type": "postgres",
        "uid": "cR3AV2Mnz"
      },
      "fieldConfig": {
        "defaults": {
          "color": {
            "mode": "thresholds"
          },
          "mappings": [],
          "max": 100000,
          "min": 0,
          "thresholds": {
            "mode": "absolute",
            "steps": [
              {
                "color": "green",
                "value": null
              },
              {
                "color": "#EAB839",
                "value": 75000
              },
              {
                "color": "red",
                "value": 90000
              }
            ]
          }
        },
        "overrides": []
      },
      "gridPos": {
        "h": 4,
        "w": 4,
        "x": 12,
        "y": 12
      },
      "id": 16,
      "options": {
        "colorMode": "value",
        "graphMode": "area",
        "justifyMode": "auto",
        "orientation": "auto",
        "reduceOptions": {
          "calcs": [
            "last"
          ],
          "fields": "",
          "values": false
        },
        "textMode": "auto"
      },
      "pluginVersion": "10.0.3",
      "targets": [
        {
          "datasource": {
            "type": "postgres",
            "uid": "cR3AV2Mnz"
          },
          "editorMode": "code",
          "format": "table",
          "group": [],
          "metricColumn": "none",
          "rawQuery": true,
          "rawSql": "SELECT\n  count(*)\nFROM tng_things\nWHERE type = 'lora'\n--AND owner = 'NovaVector.IHS'\nORDER BY 1",
          "refId": "A",
          "select": [
            [
              {
                "params": [
                  "value"
                ],
                "type": "column"
              }
            ]
          ],
          "sql": {
            "columns": [
              {
                "parameters": [],
                "type": "function"
              }
            ],
            "groupBy": [
              {
                "property": {
                  "type": "string"
                },
                "type": "groupBy"
              }
            ],
            "limit": 50
          },
          "timeColumn": "time",
          "where": [
            {
              "name": "$__timeFilter",
              "params": [],
              "type": "macro"
            }
          ]
        }
      ],
      "title": "LoRa Devices",
      "type": "stat"
    },
    {
      "datasource": {
        "type": "postgres",
        "uid": "cR3AV2Mnz"
      },
      "fieldConfig": {
        "defaults": {
          "color": {
            "mode": "thresholds"
          },
          "mappings": [],
          "max": 100,
          "min": 0,
          "thresholds": {
            "mode": "absolute",
            "steps": [
              {
                "color": "green",
                "value": null
              },
              {
                "color": "red",
                "value": 80
              }
            ]
          }
        },
        "overrides": []
      },
      "gridPos": {
        "h": 4,
        "w": 4,
        "x": 16,
        "y": 12
      },
      "id": 15,
      "options": {
        "colorMode": "value",
        "graphMode": "area",
        "justifyMode": "auto",
        "orientation": "auto",
        "reduceOptions": {
          "calcs": [
            "last"
          ],
          "fields": "",
          "values": false
        },
        "textMode": "auto"
      },
      "pluginVersion": "10.0.3",
      "targets": [
        {
          "datasource": {
            "type": "postgres",
            "uid": "cR3AV2Mnz"
          },
          "editorMode": "code",
          "format": "table",
          "group": [],
          "metricColumn": "none",
          "rawQuery": true,
          "rawSql": "SELECT\n  count(*)\nFROM tng_things\nWHERE type = 'edge'\n--AND owner = 'NovaVector.IHS'\nORDER BY 1",
          "refId": "A",
          "select": [
            [
              {
                "params": [
                  "value"
                ],
                "type": "column"
              }
            ]
          ],
          "sql": {
            "columns": [
              {
                "parameters": [],
                "type": "function"
              }
            ],
            "groupBy": [
              {
                "property": {
                  "type": "string"
                },
                "type": "groupBy"
              }
            ],
            "limit": 50
          },
          "timeColumn": "time",
          "where": [
            {
              "name": "$__timeFilter",
              "params": [],
              "type": "macro"
            }
          ]
        }
      ],
      "title": "EdgeX Gateways",
      "type": "stat"
    },
    {
      "datasource": {
        "type": "postgres",
        "uid": "cR3AV2Mnz"
      },
      "fieldConfig": {
        "defaults": {
          "color": {
            "mode": "thresholds"
          },
          "mappings": [],
          "max": 100,
          "min": 0,
          "thresholds": {
            "mode": "absolute",
            "steps": [
              {
                "color": "green",
                "value": null
              },
              {
                "color": "#EAB839",
                "value": 25
              },
              {
                "color": "red",
                "value": 50
              }
            ]
          }
        },
        "overrides": []
      },
      "gridPos": {
        "h": 4,
        "w": 4,
        "x": 20,
        "y": 12
      },
      "id": 12,
      "options": {
        "colorMode": "value",
        "graphMode": "area",
        "justifyMode": "auto",
        "orientation": "auto",
        "reduceOptions": {
          "calcs": [
            "mean"
          ],
          "fields": "",
          "values": false
        },
        "textMode": "auto"
      },
      "pluginVersion": "10.0.3",
      "targets": [
        {
          "datasource": {
            "type": "postgres",
            "uid": "cR3AV2Mnz"
          },
          "editorMode": "code",
          "format": "table",
          "group": [],
          "metricColumn": "none",
          "rawQuery": true,
          "rawSql": "SELECT\n  count(*)\nFROM tng_things\nWHERE type = 'alert'\n--AND owner = 'NovaVector.IHS'\nORDER BY 1",
          "refId": "A",
          "select": [
            [
              {
                "params": [
                  "value"
                ],
                "type": "column"
              }
            ]
          ],
          "sql": {
            "columns": [
              {
                "parameters": [],
                "type": "function"
              }
            ],
            "groupBy": [
              {
                "property": {
                  "type": "string"
                },
                "type": "groupBy"
              }
            ],
            "limit": 50
          },
          "timeColumn": "time",
          "where": [
            {
              "name": "$__timeFilter",
              "params": [],
              "type": "macro"
            }
          ]
        }
      ],
      "title": "Alerts",
      "type": "stat"
    },
    {
      "datasource": {
        "type": "postgres",
        "uid": "cR3AV2Mnz"
      },
      "description": "",
      "fieldConfig": {
        "defaults": {
          "color": {
            "mode": "thresholds"
          },
          "custom": {
            "align": "auto",
            "cellOptions": {
              "type": "auto"
            },
            "filterable": true,
            "inspect": false
          },
          "links": [],
          "mappings": [],
          "min": 0,
          "thresholds": {
            "mode": "absolute",
            "steps": [
              {
                "color": "green",
                "value": null
              },
              {
                "color": "#EAB839",
                "value": 75000
              },
              {
                "color": "red",
                "value": 90000
              }
            ]
          }
        },
        "overrides": [
          {
            "matcher": {
              "id": "byName",
              "options": "Channel"
            },
            "properties": [
              {
                "id": "links",
                "value": [
                  {
                    "targetBlank": true,
                    "title": "Go to Channel",
                    "url": "https://dev.novavector.com/pages/iot/channel/${__data.fields.channel_id}"
                  }
                ]
              }
            ]
          },
          {
            "matcher": {
              "id": "byName",
              "options": "channel_id"
            },
            "properties": [
              {
                "id": "custom.hidden",
                "value": true
              }
            ]
          }
        ]
      },
      "gridPos": {
        "h": 15,
        "w": 12,
        "x": 12,
        "y": 16
      },
      "id": 19,
      "options": {
        "cellHeight": "sm",
        "footer": {
          "countRows": false,
          "fields": "",
          "reducer": [
            "sum"
          ],
          "show": false
        },
        "showHeader": true,
        "sortBy": [
          {
            "desc": true,
            "displayName": "Msg. per Hour"
          }
        ]
      },
      "pluginVersion": "10.0.3",
      "targets": [
        {
          "datasource": {
            "type": "postgres",
            "uid": "cR3AV2Mnz"
          },
          "editorMode": "code",
          "format": "table",
          "group": [],
          "metricColumn": "unit",
          "rawQuery": true,
          "rawSql": "SELECT\n  c.name as \"Channel\"\n  , c.id as channel_id\n  , tms.protocol as \"Protocol\"\n  , count(*) as \"Msg. per Hour\"\nFROM tms_messages tms\nINNER JOIN tng_channels c on tms.channel::text  = c.id::text\nWHERE tms.time >= now() - interval '1 hours'\nGROUP by tms.protocol, c.name, c.id \nLIMIT 10",
          "refId": "A",
          "select": [
            [
              {
                "params": [
                  "value"
                ],
                "type": "column"
              }
            ]
          ],
          "sql": {
            "columns": [
              {
                "parameters": [],
                "type": "function"
              }
            ],
            "groupBy": [
              {
                "property": {
                  "type": "string"
                },
                "type": "groupBy"
              }
            ],
            "limit": 50
          },
          "table": "tms_messages",
          "timeColumn": "\"time\"",
          "timeColumnType": "timestamptz",
          "where": [
            {
              "name": "$__timeFilter",
              "params": [],
              "type": "macro"
            }
          ]
        }
      ],
      "title": "Top 10 Channels - Last hour",
      "type": "table"
    }
  ],
  "refresh": "10s",
  "schemaVersion": 38,
  "style": "dark",
  "tags": [],
  "templating": {
    "list": []
  },
  "time": {
    "from": "now-6h",
    "to": "now"
  },
  "timepicker": {
    "hidden": false,
    "refresh_intervals": [
      "5s",
      "10s",
      "30s",
      "1m",
      "5m",
      "15m",
      "30m",
      "1h",
      "2h",
      "1d"
    ]
  },
  "timezone": "",
  "title": "Homepage - Dashboard",
  "uid": "hDoV7IsZz",
  "version": 34,
  "weekStart": ""
}