{
  "annotations": {
    "list": [
      {
        "builtIn": 1,
        "datasource": "-- Grafana --",
        "enable": true,
        "hide": true,
        "iconColor": "rgba(0, 211, 255, 1)",
        "name": "Annotations & Alerts",
        "type": "dashboard"
      }
    ]
  },
  "editable": true,
  "allowUiUpdates": true,
  "gnetId": null,
  "graphTooltip": 0,
  "id": 2,
  "links": [],
  "panels": [
    {
      "circleMaxSize": 30,
      "circleMinSize": "4",
      "colors": [
        "#56A64B",
        "rgba(237, 129, 40, 0.89)",
        "#E02F44"
      ],
      "datasource": "ThingsDB",
      "decimals": 0,
      "esMetric": "Count",
      "gridPos": {
        "h": 13,
        "w": 24,
        "x": 0,
        "y": 0
      },
      "hideEmpty": false,
      "hideZero": false,
      "id": 2,
      "initialZoom": "4",
      "locationData": "table",
      "mapCenter": "Europe",
      "mapCenterLatitude": 46,
      "mapCenterLongitude": 14,
      "maxDataPoints": 1,
      "mouseWheelZoom": false,
      "options": {},
      "showLegend": true,
      "stickyLabels": true,
      "tableQueryOptions": {
        "geohashField": "geohash",
        "labelField": "site",
        "latitudeField": "latitude",
        "longitudeField": "longitude",
        "metricField": "qty",
        "queryType": "coordinates"
      },
      "targets": [
        {
          "format": "table",
          "group": [
            {
              "params": [
                "$__interval",
                "none"
              ],
              "type": "time"
            }
          ],
          "hide": false,
          "metricColumn": "none",
          "rawQuery": true,
          "rawSql": "SELECT\r\n  metadata -> 'location' ->> 'site' AS site,\r\n  count(name) as qty,\r\n  metadata -> 'location' ->> 'latitude' AS latitude,\r\n  metadata -> 'location' ->> 'longitude' AS longitude\r\nFROM\r\n  things\r\nWHERE metadata -> 'location' is not null\r\ngroup by metadata;",
          "refId": "A",
          "select": [
            [
              {
                "params": [
                  "value"
                ],
                "type": "column"
              },
              {
                "params": [
                  "avg"
                ],
                "type": "aggregate"
              },
              {
                "params": [
                  "value"
                ],
                "type": "alias"
              }
            ]
          ],
          "table": "things",
          "timeColumn": "time",
          "where": [
            {
              "datatype": "jsonb",
              "name": "",
              "params": [
                "metadata",
                "=",
                "value"
              ],
              "type": "expression"
            }
          ]
        }
      ],
      "thresholds": "8,10",
      "timeFrom": null,
      "timeShift": null,
      "title": "Location",
      "transparent": true,
      "type": "grafana-worldmap-panel",
      "unitPlural": "",
      "unitSingle": "",
      "valueName": "current"
    }
  ],
  "schemaVersion": 22,
  "style": "dark",
  "tags": [],
  "templating": {
    "list": []
  },
  "time": {
    "from": "now-6h",
    "to": "now"
  },
  "timepicker": {
    "refresh_intervals": [
      "5s",
      "10s",
      "30s",
      "1m",
      "5m",
      "15m",
      "30m",
      "1h",
      "2h",
      "1d"
    ]
  },
  "timezone": "",
  "title": "Things - Thing Location",
  "uid": "iNMU5M8Zz",
  "version": 4
}