{
  "annotations": {
    "list": [
      {
        "builtIn": 1,
        "datasource": {
          "type": "datasource",
          "uid": "grafana"
        },
        "enable": true,
        "hide": true,
        "iconColor": "rgba(0, 211, 255, 1)",
        "name": "Annotations & Alerts",
        "target": {
          "limit": 100,
          "matchAny": false,
          "tags": [],
          "type": "dashboard"
        },
        "type": "dashboard"
      }
    ]
  },
  "description": "",
  "editable": true,
  "fiscalYearStartMonth": 0,
  "graphTooltip": 0,
  "id": 26,
  "links": [],
  "liveNow": false,
  "panels": [
    {
      "datasource": {
        "type": "postgres",
        "uid": "cR3AV2Mnz"
      },
      "fieldConfig": {
        "defaults": {
          "color": {
            "mode": "palette-classic"
          },
          "custom": {
            "hideFrom": {
              "legend": false,
              "tooltip": false,
              "viz": false
            }
          },
          "links": [],
          "mappings": [],
          "unit": "none"
        },
        "overrides": [
          {
            "matcher": {
              "id": "byName",
              "options": "Credit Card"
            },
            "properties": [
              {
                "id": "color",
                "value": {
                  "fixedColor": "blue",
                  "mode": "fixed"
                }
              }
            ]
          },
          {
            "matcher": {
              "id": "byName",
              "options": "Debit Card"
            },
            "properties": [
              {
                "id": "color",
                "value": {
                  "fixedColor": "purple",
                  "mode": "fixed"
                }
              }
            ]
          }
        ]
      },
      "gridPos": {
        "h": 10,
        "w": 12,
        "x": 0,
        "y": 0
      },
      "id": 3,
      "options": {
        "displayLabels": [],
        "legend": {
          "displayMode": "table",
          "placement": "right",
          "showLegend": true
        },
        "pieType": "pie",
        "reduceOptions": {
          "calcs": [
            "sum"
          ],
          "fields": "/^product_qty$/",
          "values": true
        },
        "tooltip": {
          "mode": "single",
          "sort": "none"
        }
      },
      "pluginVersion": "8.3.4",
      "targets": [
        {
          "datasource": {
            "type": "postgres",
            "uid": "cR3AV2Mnz"
          },
          "format": "table",
          "group": [],
          "metricColumn": "unit",
          "rawQuery": true,
          "rawSql": "select \n\tch.name as product\n\t, app.product_qty \nfrom adv_plans ap\nleft outer join adv_plans_products app on app.plan_id = ap.id\ninner join tng_channels ch on ch.id = app.product_id\nwhere ap.id = '$plan'\n",
          "refId": "A",
          "select": [
            [
              {
                "params": [
                  "value"
                ],
                "type": "column"
              }
            ]
          ],
          "table": "tms_messages",
          "timeColumn": "\"time\"",
          "timeColumnType": "timestamptz",
          "where": [
            {
              "name": "$__timeFilter",
              "params": [],
              "type": "macro"
            },
            {
              "datatype": "varchar",
              "name": "",
              "params": [
                "publisher",
                "=",
                "$thing"
              ],
              "type": "expression"
            }
          ]
        }
      ],
      "title": "Marketing Plan Products",
      "type": "piechart"
    },
    {
      "datasource": {
        "type": "postgres",
        "uid": "cR3AV2Mnz"
      },
      "fieldConfig": {
        "defaults": {
          "color": {
            "mode": "thresholds"
          },
          "custom": {
            "align": "auto",
            "displayMode": "auto",
            "inspect": false
          },
          "links": [],
          "mappings": [],
          "thresholds": {
            "mode": "absolute",
            "steps": [
              {
                "color": "green",
                "value": null
              },
              {
                "color": "red",
                "value": 80
              }
            ]
          },
          "unit": "short"
        },
        "overrides": []
      },
      "gridPos": {
        "h": 20,
        "w": 12,
        "x": 12,
        "y": 0
      },
      "id": 2,
      "options": {
        "footer": {
          "fields": "",
          "reducer": [
            "sum"
          ],
          "show": false
        },
        "showHeader": true
      },
      "pluginVersion": "9.2.15",
      "targets": [
        {
          "datasource": {
            "type": "postgres",
            "uid": "cR3AV2Mnz"
          },
          "format": "table",
          "group": [],
          "metricColumn": "unit",
          "rawQuery": true,
          "rawSql": "select distinct\r\n\tap.name as plan\r\n\t, ch.name as product\r\n\t, th.name as client\r\n\t, 3 as group\r\nfrom adv_plans ap\r\nleft outer join adv_plans_products app on app.plan_id = ap.id\r\ninner join tng_channels ch on ch.id = app.product_id\r\nleft outer join adv_plans_products_clients ppc on ppc.plan_id = ap.id\r\ninner join tng_things th on th.id = ppc.client_id\r\nwhere ap.id = '$plan'",
          "refId": "A",
          "select": [
            [
              {
                "params": [
                  "value"
                ],
                "type": "column"
              }
            ]
          ],
          "table": "tms_messages",
          "timeColumn": "\"time\"",
          "timeColumnType": "timestamptz",
          "where": [
            {
              "name": "$__timeFilter",
              "params": [],
              "type": "macro"
            },
            {
              "datatype": "varchar",
              "name": "",
              "params": [
                "publisher",
                "=",
                "$thing"
              ],
              "type": "expression"
            }
          ]
        }
      ],
      "title": "Marketing Plan - Client List",
      "type": "table"
    },
    {
      "datasource": {
        "type": "postgres",
        "uid": "cR3AV2Mnz"
      },
      "fieldConfig": {
        "defaults": {
          "color": {
            "mode": "palette-classic"
          },
          "custom": {
            "axisCenteredZero": false,
            "axisColorMode": "text",
            "axisLabel": "",
            "axisPlacement": "auto",
            "axisSoftMin": 0,
            "fillOpacity": 80,
            "gradientMode": "none",
            "hideFrom": {
              "legend": false,
              "tooltip": false,
              "viz": false
            },
            "lineWidth": 1,
            "scaleDistribution": {
              "type": "linear"
            }
          },
          "links": [],
          "mappings": [],
          "thresholds": {
            "mode": "absolute",
            "steps": [
              {
                "color": "green",
                "value": null
              },
              {
                "color": "red",
                "value": 80
              }
            ]
          },
          "unit": "none"
        },
        "overrides": []
      },
      "gridPos": {
        "h": 10,
        "w": 12,
        "x": 0,
        "y": 10
      },
      "id": 4,
      "options": {
        "barRadius": 0,
        "barWidth": 0.97,
        "groupWidth": 0.7,
        "legend": {
          "calcs": [],
          "displayMode": "list",
          "placement": "bottom",
          "showLegend": true
        },
        "orientation": "auto",
        "showValue": "auto",
        "stacking": "none",
        "tooltip": {
          "mode": "single",
          "sort": "none"
        },
        "xTickLabelRotation": 0,
        "xTickLabelSpacing": 0
      },
      "pluginVersion": "8.3.4",
      "targets": [
        {
          "datasource": {
            "type": "postgres",
            "uid": "cR3AV2Mnz"
          },
          "format": "table",
          "group": [],
          "metricColumn": "unit",
          "rawQuery": true,
          "rawSql": "select \n\t concat(thp.last_name, ' ', thp.first_name) as Assigned\n\t, (select count(*) from tsk_tasks ts where ts.assigned_to =  emp.person_id \n\t   and ts.category_id in ('66315ef6-ba52-4425-ba66-3287c49a9a50'\n\t\t\t\t\t\t\t , '448dbe5c-da57-4151-9d31-fec55e24461e'\n\t\t\t\t\t\t\t , '6548dcf2-4475-4937-9a98-9ade348b5f2a'\n\t\t\t\t\t\t\t , '0f8f4588-7084-439a-a4cc-77e8a41e8daa') ) as tasks\t\nfrom adv_plans ap\nleft outer join adv_plans_persons emp on emp.plan_id = ap.id\nleft outer join public.org_persons thp on emp.person_id = thp.id\nwhere ap.id = '$plan'\n",
          "refId": "A",
          "select": [
            [
              {
                "params": [
                  "value"
                ],
                "type": "column"
              }
            ]
          ],
          "table": "tms_messages",
          "timeColumn": "\"time\"",
          "timeColumnType": "timestamptz",
          "where": [
            {
              "name": "$__timeFilter",
              "params": [],
              "type": "macro"
            },
            {
              "datatype": "varchar",
              "name": "",
              "params": [
                "publisher",
                "=",
                "$thing"
              ],
              "type": "expression"
            }
          ]
        }
      ],
      "title": "Plan",
      "type": "barchart"
    }
  ],
  "refresh": "",
  "schemaVersion": 37,
  "style": "dark",
  "tags": [],
  "templating": {
    "list": [
      {
        "hide": 2,
        "label": "plan",
        "name": "plan",
        "query": "e3355aac-4b3f-4af7-9ab2-6b2746208bcc",
        "skipUrlSync": false,
        "type": "constant"
      }
    ]
  },
  "time": {
    "from": "now-1y",
    "to": "now"
  },
  "timepicker": {
    "refresh_intervals": [
      "5s",
      "10s",
      "30s",
      "1m",
      "5m",
      "15m",
      "30m",
      "1h",
      "2h",
      "1d"
    ]
  },
  "timezone": "",
  "title": "MarketingPlan - Default Dashboard",
  "uid": "YDybg_anz",
  "version": 14,
  "weekStart": ""
}