{
  "annotations": {
    "list": [
      {
        "builtIn": 1,
        "datasource": {
          "type": "datasource",
          "uid": "grafana"
        },
        "enable": true,
        "hide": true,
        "iconColor": "rgba(0, 211, 255, 1)",
        "name": "Annotations & Alerts",
        "target": {
          "limit": 100,
          "matchAny": false,
          "tags": [],
          "type": "dashboard"
        },
        "type": "dashboard"
      }
    ]
  },
  "description": "",
  "editable": true,
  "fiscalYearStartMonth": 0,
  "graphTooltip": 0,
  "id": 19,
  "links": [],
  "liveNow": false,
  "panels": [
    {
      "datasource": {
        "type": "postgres",
        "uid": "cR3AV2Mnz"
      },
      "fieldConfig": {
        "defaults": {
          "color": {
            "mode": "continuous-RdYlGr"
          },
          "custom": {
            "axisCenteredZero": false,
            "axisColorMode": "text",
            "axisLabel": "",
            "axisPlacement": "auto",
            "barAlignment": 0,
            "drawStyle": "line",
            "fillOpacity": 20,
            "gradientMode": "scheme",
            "hideFrom": {
              "legend": false,
              "tooltip": false,
              "viz": false
            },
            "lineInterpolation": "smooth",
            "lineWidth": 3,
            "pointSize": 5,
            "scaleDistribution": {
              "type": "linear"
            },
            "showPoints": "auto",
            "spanNulls": false,
            "stacking": {
              "group": "A",
              "mode": "none"
            },
            "thresholdsStyle": {
              "mode": "off"
            }
          },
          "mappings": [],
          "thresholds": {
            "mode": "absolute",
            "steps": [
              {
                "color": "green",
                "value": null
              },
              {
                "color": "red",
                "value": 80
              }
            ]
          }
        },
        "overrides": []
      },
      "gridPos": {
        "h": 9,
        "w": 13,
        "x": 0,
        "y": 0
      },
      "id": 6,
      "options": {
        "legend": {
          "calcs": [],
          "displayMode": "list",
          "placement": "bottom",
          "showLegend": true
        },
        "tooltip": {
          "mode": "single",
          "sort": "none"
        }
      },
      "pluginVersion": "8.3.4",
      "targets": [
        {
          "datasource": {
            "type": "postgres",
            "uid": "cR3AV2Mnz"
          },
          "format": "time_series",
          "group": [],
          "metricColumn": "unit",
          "rawQuery": true,
          "rawSql": "SELECT\n  \"time\" AS \"time\",\n  unit AS metric,\n  value\nFROM tms_messages\nWHERE\nchannel = '$client'\nand unit != '3503'\nAND $__timeFilter(\"time\")\nORDER BY 1,2",
          "refId": "A",
          "select": [
            [
              {
                "params": [
                  "value"
                ],
                "type": "column"
              }
            ]
          ],
          "table": "tms_messages",
          "timeColumn": "\"time\"",
          "timeColumnType": "timestamptz",
          "where": [
            {
              "name": "$__timeFilter",
              "params": [],
              "type": "macro"
            },
            {
              "datatype": "varchar",
              "name": "",
              "params": [
                "publisher",
                "=",
                "$thing"
              ],
              "type": "expression"
            }
          ]
        }
      ],
      "title": "Product Usage",
      "type": "timeseries"
    },
    {
      "datasource": {
        "type": "postgres",
        "uid": "cR3AV2Mnz"
      },
      "fieldConfig": {
        "defaults": {
          "color": {
            "mode": "palette-classic"
          },
          "custom": {
            "hideFrom": {
              "legend": false,
              "tooltip": false,
              "viz": false
            }
          },
          "links": [],
          "mappings": [],
          "unit": "short"
        },
        "overrides": [
          {
            "matcher": {
              "id": "byName",
              "options": "Jane Black"
            },
            "properties": [
              {
                "id": "color",
                "value": {
                  "fixedColor": "dark-purple",
                  "mode": "fixed"
                }
              }
            ]
          }
        ]
      },
      "gridPos": {
        "h": 9,
        "w": 11,
        "x": 13,
        "y": 0
      },
      "id": 5,
      "options": {
        "legend": {
          "displayMode": "table",
          "placement": "right",
          "showLegend": true
        },
        "pieType": "pie",
        "reduceOptions": {
          "calcs": [
            "lastNotNull"
          ],
          "fields": "",
          "values": false
        },
        "tooltip": {
          "mode": "single",
          "sort": "none"
        }
      },
      "pluginVersion": "8.3.4",
      "targets": [
        {
          "datasource": {
            "type": "postgres",
            "uid": "cR3AV2Mnz"
          },
          "format": "time_series",
          "group": [],
          "metricColumn": "unit",
          "rawQuery": true,
          "rawSql": "SELECT\n  m.time AS \"time\",\n  t.name AS metric,\n  m.value\nFROM tms_messages m\ninner join tng_things t on t.id::text = publisher::text\nWHERE\nchannel = '$client'\nand unit != '3503'\nAND $__timeFilter(\"time\")\nORDER BY 1,2",
          "refId": "A",
          "select": [
            [
              {
                "params": [
                  "value"
                ],
                "type": "column"
              }
            ]
          ],
          "table": "tms_messages",
          "timeColumn": "\"time\"",
          "timeColumnType": "timestamptz",
          "where": [
            {
              "name": "$__timeFilter",
              "params": [],
              "type": "macro"
            },
            {
              "datatype": "varchar",
              "name": "",
              "params": [
                "publisher",
                "=",
                "$thing"
              ],
              "type": "expression"
            }
          ]
        }
      ],
      "title": "Top Customers",
      "type": "piechart"
    },
    {
      "datasource": {
        "type": "postgres",
        "uid": "cR3AV2Mnz"
      },
      "fieldConfig": {
        "defaults": {
          "color": {
            "mode": "continuous-RdYlGr"
          },
          "links": [],
          "mappings": [],
          "thresholds": {
            "mode": "absolute",
            "steps": [
              {
                "color": "green",
                "value": null
              },
              {
                "color": "red",
                "value": 80
              }
            ]
          }
        },
        "overrides": []
      },
      "gridPos": {
        "h": 9,
        "w": 13,
        "x": 0,
        "y": 9
      },
      "id": 2,
      "options": {
        "displayMode": "gradient",
        "minVizHeight": 10,
        "minVizWidth": 0,
        "orientation": "auto",
        "reduceOptions": {
          "calcs": [
            "lastNotNull"
          ],
          "fields": "",
          "values": true
        },
        "showUnfilled": true
      },
      "pluginVersion": "9.2.15",
      "targets": [
        {
          "datasource": {
            "type": "postgres",
            "uid": "cR3AV2Mnz"
          },
          "format": "time_series",
          "group": [],
          "metricColumn": "unit",
          "rawQuery": true,
          "rawSql": "SELECT\n  CONCAT(EXTRACT(YEAR FROM m.time)::text, '-' \n  , EXTRACT(MONTH FROM m.time)::text \n  , '-01')::date AS \"time\",\n  unit AS metric,\n  sum(value) as value\nFROM tms_messages m\nWHERE\nchannel = '$client'\nand unit != '3503'\nAND $__timeFilter(\"time\")\ngroup by time, metric\nORDER BY 1,2",
          "refId": "A",
          "select": [
            [
              {
                "params": [
                  "value"
                ],
                "type": "column"
              }
            ]
          ],
          "table": "tms_messages",
          "timeColumn": "\"time\"",
          "timeColumnType": "timestamptz",
          "where": [
            {
              "name": "$__timeFilter",
              "params": [],
              "type": "macro"
            },
            {
              "datatype": "varchar",
              "name": "",
              "params": [
                "publisher",
                "=",
                "$thing"
              ],
              "type": "expression"
            }
          ]
        }
      ],
      "title": "Product Usage",
      "type": "bargauge"
    },
    {
      "datasource": {
        "type": "postgres",
        "uid": "cR3AV2Mnz"
      },
      "fieldConfig": {
        "defaults": {
          "color": {
            "mode": "palette-classic"
          },
          "custom": {
            "hideFrom": {
              "legend": false,
              "tooltip": false,
              "viz": false
            }
          },
          "links": [],
          "mappings": [],
          "unit": "short"
        },
        "overrides": []
      },
      "gridPos": {
        "h": 9,
        "w": 11,
        "x": 13,
        "y": 9
      },
      "id": 7,
      "options": {
        "legend": {
          "displayMode": "table",
          "placement": "right",
          "showLegend": true
        },
        "pieType": "donut",
        "reduceOptions": {
          "calcs": [
            "lastNotNull"
          ],
          "fields": "",
          "values": false
        },
        "tooltip": {
          "mode": "single",
          "sort": "none"
        }
      },
      "pluginVersion": "8.3.4",
      "targets": [
        {
          "datasource": {
            "type": "postgres",
            "uid": "cR3AV2Mnz"
          },
          "format": "time_series",
          "group": [],
          "metricColumn": "unit",
          "rawQuery": true,
          "rawSql": "SELECT\n  m.time AS \"time\",\n  t.name AS metric,\n  m.value\nFROM tms_messages m\ninner join tng_things t on t.id::text = publisher::text\nWHERE\nchannel = '$client'\nand unit != '3503'\nAND $__timeFilter(\"time\")\nORDER BY 1,2",
          "refId": "A",
          "select": [
            [
              {
                "params": [
                  "value"
                ],
                "type": "column"
              }
            ]
          ],
          "table": "tms_messages",
          "timeColumn": "\"time\"",
          "timeColumnType": "timestamptz",
          "where": [
            {
              "name": "$__timeFilter",
              "params": [],
              "type": "macro"
            },
            {
              "datatype": "varchar",
              "name": "",
              "params": [
                "publisher",
                "=",
                "$thing"
              ],
              "type": "expression"
            }
          ]
        }
      ],
      "title": "Top Customers",
      "type": "piechart"
    }
  ],
  "refresh": "10s",
  "schemaVersion": 37,
  "style": "dark",
  "tags": [],
  "templating": {
    "list": [
      {
        "hide": 2,
        "label": "client",
        "name": "client",
        "query": "916af793-0c95-4784-b992-755230c8db89",
        "skipUrlSync": false,
        "type": "constant"
      }
    ]
  },
  "time": {
    "from": "now-1y",
    "to": "now"
  },
  "timepicker": {
    "refresh_intervals": [
      "5s",
      "10s",
      "30s",
      "1m",
      "5m",
      "15m",
      "30m",
      "1h",
      "2h",
      "1d"
    ]
  },
  "timezone": "",
  "title": "Products M - Default Dashboard",
  "uid": "kgvKvIpnk",
  "version": 6,
  "weekStart": ""
}