{
  "annotations": {
    "list": [
      {
        "builtIn": 1,
        "datasource": {
          "type": "grafana",
          "uid": "-- Grafana --"
        },
        "enable": true,
        "hide": true,
        "iconColor": "rgba(0, 211, 255, 1)",
        "name": "Annotations & Alerts",
        "target": {
          "limit": 100,
          "matchAny": false,
          "tags": [],
          "type": "dashboard"
        },
        "type": "dashboard"
      }
    ]
  },
  "editable": true,
  "fiscalYearStartMonth": 0,
  "graphTooltip": 0,
  "id": 15,
  "links": [],
  "liveNow": false,
  "panels": [
    {
      "datasource": {
        "type": "postgres",
        "uid": "cR3AV2Mnz"
      },
      "description": "",
      "fieldConfig": {
        "defaults": {
          "color": {
            "mode": "continuous-reds"
          },
          "custom": {
            "align": "center",
            "displayMode": "color-background",
            "filterable": true,
            "inspect": false
          },
          "mappings": [],
          "thresholds": {
            "mode": "percentage",
            "steps": [
              {
                "color": "green",
                "value": null
              }
            ]
          },
          "unit": "none"
        },
        "overrides": []
      },
      "gridPos": {
        "h": 27,
        "w": 24,
        "x": 0,
        "y": 0
      },
      "id": 2,
      "options": {
        "footer": {
          "fields": "",
          "reducer": [
            "sum"
          ],
          "show": false
        },
        "showHeader": true,
        "sortBy": [
          {
            "desc": true,
            "displayName": "count"
          }
        ]
      },
      "pluginVersion": "9.2.0",
      "targets": [
        {
          "datasource": {
            "type": "postgres",
            "uid": "cR3AV2Mnz"
          },
          "format": "table",
          "group": [],
          "metricColumn": "none",
          "rawQuery": true,
          "rawSql": "select tc.category, t.metadata->>'taskSolution' as reason_code, count(t.metadata->>'taskSolution') from tsk_tasks t\njoin tsk_category tc on tc.id = t.category_id\nwhere tc.id in (select tsk.category_id from tsk_tasks tsk where tsk.id::text = '$task')\ngroup by tc.category, t.metadata->>'taskSolution'\norder by 2",
          "refId": "A",
          "select": [
            [
              {
                "params": [
                  "product_qty"
                ],
                "type": "column"
              }
            ]
          ],
          "table": "pln_plans_products",
          "timeColumn": "created_on",
          "timeColumnType": "timestamp",
          "where": [
            {
              "name": "$__timeFilter",
              "params": [],
              "type": "macro"
            }
          ]
        }
      ],
      "title": "Stoppage Reasons",
      "type": "table"
    }
  ],
  "refresh": "",
  "schemaVersion": 37,
  "style": "dark",
  "tags": [],
  "templating": {
    "list": [
      {
        "hide": 2,
        "name": "task",
        "query": "1e602377-7491-43a6-808a-772941beb8c4",
        "skipUrlSync": false,
        "type": "constant"
      }
    ]
  },
  "time": {
    "from": "now-1y",
    "to": "now"
  },
  "timepicker": {},
  "timezone": "",
  "title": "Tasks - Dashboard",
  "uid": "MjMYrOFVk",
  "version": 3,
  "weekStart": ""
}