{
  "annotations": {
    "list": [
      {
        "builtIn": 1,
        "datasource": {
          "type": "grafana",
          "uid": "-- Grafana --"
        },
        "enable": true,
        "hide": true,
        "iconColor": "rgba(0, 211, 255, 1)",
        "name": "Annotations & Alerts",
        "target": {
          "limit": 100,
          "matchAny": false,
          "tags": [],
          "type": "dashboard"
        },
        "type": "dashboard"
      }
    ]
  },
  "editable": true,
  "fiscalYearStartMonth": 0,
  "graphTooltip": 0,
  "id": 136,
  "links": [],
  "liveNow": false,
  "panels": [
    {
      "datasource": {
        "type": "postgres",
        "uid": "cR3AV2Mnz"
      },
      "fieldConfig": {
        "defaults": {
          "color": {
            "mode": "thresholds"
          },
          "custom": {
            "align": "auto",
            "cellOptions": {
              "type": "auto"
            },
            "inspect": true
          },
          "mappings": [],
          "thresholds": {
            "mode": "absolute",
            "steps": [
              {
                "color": "green",
                "value": null
              },
              {
                "color": "red",
                "value": 80
              }
            ]
          }
        },
        "overrides": [
          {
            "matcher": {
              "id": "byName",
              "options": "change_timestamp"
            },
            "properties": [
              {
                "id": "custom.width",
                "value": 168
              }
            ]
          },
          {
            "matcher": {
              "id": "byName",
              "options": "changed_by_name"
            },
            "properties": [
              {
                "id": "custom.width",
                "value": 194
              }
            ]
          }
        ]
      },
      "gridPos": {
        "h": 21,
        "w": 24,
        "x": 0,
        "y": 0
      },
      "id": 2,
      "options": {
        "cellHeight": "sm",
        "footer": {
          "countRows": false,
          "fields": "",
          "reducer": [
            "sum"
          ],
          "show": false
        },
        "showHeader": true,
        "sortBy": []
      },
      "pluginVersion": "10.0.3",
      "targets": [
        {
          "datasource": {
            "type": "postgres",
            "uid": "cR3AV2Mnz"
          },
          "editorMode": "code",
          "format": "table",
          "rawQuery": true,
          "rawSql": "WITH historical_data AS (\r\n    SELECT\r\n        id AS task_id,\r\n        change_timestamp,\r\n        changed_by_name,\r\n        changed_by,\r\n        unnest(changed_columns) AS changed_column,\r\n        old_realm, new_realm,\r\n        old_owner, new_owner,\r\n        old_name, new_name,\r\n        old_enabled, new_enabled,\r\n        old_status_id, new_status_id,\r\n        old_category_id, new_category_id,\r\n        old_alert_id, new_alert_id,\r\n        old_assigned_to, new_assigned_to,\r\n        old_metadata_schema, new_metadata_schema,\r\n        old_metadata, new_metadata,\r\n        old_external_id, new_external_id,\r\n        old_created_by_name, new_created_by_name,\r\n        old_created_by, new_created_by,\r\n        old_created_on, new_created_on,\r\n        old_edited_by_name, new_edited_by_name,\r\n        old_edited_by, new_edited_by,\r\n        old_edited_on, new_edited_on\r\n    FROM\r\n        historical_and_current_tasks\r\n    WHERE id = '$task'\r\n)\r\nSELECT\r\n    change_timestamp,\r\n    STRING_AGG(\r\n        CASE \r\n            WHEN changed_column = 'realm' THEN 'realm: ' || COALESCE(old_realm::text, 'NULL') || ' -> ' || COALESCE(new_realm::text, 'NULL')\r\n            WHEN changed_column = 'owner' THEN 'owner: ' || COALESCE(old_owner, 'NULL') || ' -> ' || COALESCE(new_owner, 'NULL')\r\n            WHEN changed_column = 'name' THEN 'name: ' || COALESCE(old_name, 'NULL') || ' -> ' || COALESCE(new_name, 'NULL')\r\n            WHEN changed_column = 'enabled' THEN 'enabled: ' || COALESCE(old_enabled::text, 'NULL') || ' -> ' || COALESCE(new_enabled::text, 'NULL')\r\n            WHEN changed_column = 'status_id' THEN 'status_id: ' || COALESCE(old_status_id::text, 'NULL') || ' -> ' || COALESCE(new_status_id::text, 'NULL')\r\n            WHEN changed_column = 'category_id' THEN 'category_id: ' || COALESCE(old_category_id::text, 'NULL') || ' -> ' || COALESCE(new_category_id::text, 'NULL')\r\n            WHEN changed_column = 'alert_id' THEN 'alert_id: ' || COALESCE(old_alert_id::text, 'NULL') || ' -> ' || COALESCE(new_alert_id::text, 'NULL')\r\n            WHEN changed_column = 'assigned_to' THEN 'assigned_to: ' || COALESCE(old_assigned_to::text, 'NULL') || ' -> ' || COALESCE(new_assigned_to::text, 'NULL')\r\n            WHEN changed_column = 'metadata_schema' THEN 'metadata_schema: ' || COALESCE(old_metadata_schema::text, 'NULL') || ' -> ' || COALESCE(new_metadata_schema::text, 'NULL')\r\n            WHEN changed_column = 'metadata' THEN 'metadata: ' || E'\\nOld: ' || COALESCE(old_metadata::text, 'NULL') || E'\\nNew: ' || COALESCE(new_metadata::text, 'NULL')\r\n            WHEN changed_column = 'external_id' THEN 'external_id: ' || COALESCE(old_external_id, 'NULL') || ' -> ' || COALESCE(new_external_id, 'NULL')\r\n            WHEN changed_column = 'created_by_name' THEN 'created_by_name: ' || COALESCE(old_created_by_name, 'NULL') || ' -> ' || COALESCE(new_created_by_name, 'NULL')\r\n            WHEN changed_column = 'created_by' THEN 'created_by: ' || COALESCE(old_created_by::text, 'NULL') || ' -> ' || COALESCE(new_created_by::text, 'NULL')\r\n            WHEN changed_column = 'created_on' THEN 'created_on: ' || COALESCE(old_created_on::text, 'NULL') || ' -> ' || COALESCE(new_created_on::text, 'NULL')\r\n            WHEN changed_column = 'edited_by_name' THEN 'edited_by_name: ' || COALESCE(old_edited_by_name, 'NULL') || ' -> ' || COALESCE(new_edited_by_name, 'NULL')\r\n            WHEN changed_column = 'edited_by' THEN 'edited_by: ' || COALESCE(old_edited_by::text, 'NULL') || ' -> ' || COALESCE(new_edited_by::text, 'NULL')\r\n            WHEN changed_column = 'edited_on' THEN 'edited_on: ' || COALESCE(old_edited_on::text, 'NULL') || ' -> ' || COALESCE(new_edited_on::text, 'NULL')\r\n            ELSE NULL\r\n        END, \r\n        E'\\n' \r\n    ) AS changed_values,\r\n    changed_by_name,\r\n    changed_by\r\nFROM\r\n    historical_data\r\nGROUP BY\r\n    task_id, change_timestamp, changed_by_name, changed_by\r\nORDER BY\r\n    change_timestamp DESC;\r\n",
          "refId": "A",
          "sql": {
            "columns": [
              {
                "parameters": [],
                "type": "function"
              }
            ],
            "groupBy": [
              {
                "property": {
                  "type": "string"
                },
                "type": "groupBy"
              }
            ],
            "limit": 50
          }
        }
      ],
      "title": "Task History View",
      "type": "table"
    }
  ],
  "refresh": "",
  "revision": 1,
  "schemaVersion": 38,
  "style": "dark",
  "tags": [],
  "templating": {
    "list": [
      {
        "hide": 2,
        "label": "task",
        "name": "task",
        "query": "077b834f-c341-40de-9af7-2c890ade2581",
        "skipUrlSync": false,
        "type": "constant"
      }
    ]
  },
  "time": {
    "from": "now-6h",
    "to": "now"
  },
  "timepicker": {},
  "timezone": "",
  "title": "Tasks history dashboard",
  "uid": "ooQ_HUeSz",
  "version": 34,
  "weekStart": ""
}