{
  "id": "NovaVector",
  "realm": "NovaVector",
  "displayName": "Nova Vector",
  "displayNameHtml": "",
  "notBefore": 0,
  "defaultSignatureAlgorithm": "RS256",
  "revokeRefreshToken": false,
  "refreshTokenMaxReuse": 0,
  "accessTokenLifespan": 36000,
  "accessTokenLifespanForImplicitFlow": 900,
  "ssoSessionIdleTimeout": 1800,
  "ssoSessionMaxLifespan": 36000,
  "ssoSessionIdleTimeoutRememberMe": 0,
  "ssoSessionMaxLifespanRememberMe": 0,
  "offlineSessionIdleTimeout": 2592000,
  "offlineSessionMaxLifespanEnabled": false,
  "offlineSessionMaxLifespan": 5184000,
  "clientSessionIdleTimeout": 0,
  "clientSessionMaxLifespan": 0,
  "clientOfflineSessionIdleTimeout": 0,
  "clientOfflineSessionMaxLifespan": 0,
  "accessCodeLifespan": 60,
  "accessCodeLifespanUserAction": 300,
  "accessCodeLifespanLogin": 1800,
  "actionTokenGeneratedByAdminLifespan": 43200,
  "actionTokenGeneratedByUserLifespan": 300,
  "oauth2DeviceCodeLifespan": 600,
  "oauth2DevicePollingInterval": 5,
  "enabled": true,
  "sslRequired": "none",
  "registrationAllowed": false,
  "registrationEmailAsUsername": false,
  "rememberMe": false,
  "verifyEmail": false,
  "loginWithEmailAllowed": true,
  "duplicateEmailsAllowed": false,
  "resetPasswordAllowed": false,
  "editUsernameAllowed": false,
  "bruteForceProtected": true,
  "permanentLockout": false,
  "maxFailureWaitSeconds": 900,
  "minimumQuickLoginWaitSeconds": 60,
  "waitIncrementSeconds": 60,
  "quickLoginCheckMilliSeconds": 1000,
  "maxDeltaTimeSeconds": 43200,
  "failureFactor": 30,
  "roles": {
    "realm": [
      {
        "id": "28fa3198-62d7-4dc4-8269-d7697fefaff8",
        "name": "uma_authorization",
        "description": "${role_uma_authorization}",
        "composite": false,
        "clientRole": false,
        "containerId": "NovaVector",
        "attributes": {}
      },
      {
        "id": "a42d17fe-884e-493f-bb5d-bb2be86f48dd",
        "name": "shift_production",
        "description": "",
        "composite": true,
        "composites": {
          "client": {
            "nova-vector-ui": [
              "plan_view.shift_production"
            ]
          }
        },
        "clientRole": false,
        "containerId": "NovaVector",
        "attributes": {}
      },
      {
        "id": "4119cce2-0ace-4f2a-baf1-9421fb32ddd8",
        "name": "employee_tracking",
        "description": "",
        "composite": true,
        "composites": {
          "client": {
            "nova-vector-ui": [
              "plan_view.employee_tracking"
            ]
          }
        },
        "clientRole": false,
        "containerId": "NovaVector",
        "attributes": {}
      },
      {
        "id": "afa7f63c-2966-4c66-805b-5e4ee135156d",
        "name": "user",
        "composite": true,
        "composites": {
          "client": {
            "nova-vector-ui": [
              "my-account",
              "home",
              "about"
            ],
            "nova-vector-things": [
              "user"
            ],
            "nova_vector_grafana": [
              "Viewer"
            ]
          }
        },
        "clientRole": false,
        "containerId": "NovaVector",
        "attributes": {}
      },
      {
        "id": "666b98a7-8943-48a3-8649-1be53154693a",
        "name": "default-roles-novavector",
        "description": "${role_default-roles}",
        "composite": true,
        "composites": {
          "realm": [
            "offline_access",
            "uma_authorization",
            "user"
          ],
          "client": {
            "account": [
              "view-profile",
              "manage-account"
            ]
          }
        },
        "clientRole": false,
        "containerId": "NovaVector",
        "attributes": {}
      },
      {
        "id": "c2638319-8fbb-4fc3-824b-70a7a7d8aa2c",
        "name": "admin",
        "composite": true,
        "composites": {
          "realm": [
            "offline_access",
            "uma_authorization"
          ],
          "client": {
            "nova-vector-ui": [
              "tasks",
              "plans",
              "app-management",
              "edge",
              "applications",
              "iot",
              "home",
              "user",
              "about",
              "system",
              "plans-supervisor",
              "work-order",
              "nodered",
              "organizations",
              "manufacturing",
              "lora",
              "my-account",
              "reporting",
              "clients",
              "admin",
              "container-repo",
              "opc-ua",
              "plan_view.employee_tracking",
              "plan_view.shift_production"
            ],
            "realm-management": [
              "realm-admin"
            ],
            "nova-vector-things": [
              "read",
              "admin",
              "update",
              "delete",
              "create"
            ],
            "nova-vector-portainer": [
              "Admin"
            ],
            "nova_vector_grafana": [
              "Admin"
            ],
            "account": [
              "manage-account",
              "view-profile",
              "manage-account-links"
            ]
          }
        },
        "clientRole": false,
        "containerId": "NovaVector",
        "attributes": {}
      },
      {
        "id": "edf0821e-02d5-4553-8734-56726fcebf91",
        "name": "offline_access",
        "description": "${role_offline-access}",
        "composite": false,
        "clientRole": false,
        "containerId": "NovaVector",
        "attributes": {}
      }
    ],
    "client": {
      "nova-vector-ui": [
        {
          "id": "cb18019d-b33a-43d9-a41d-4a971dc8e1d7",
          "name": "organizations",
          "composite": false,
          "clientRole": true,
          "containerId": "c8f9ddcd-a4cc-4c0c-b606-9abd06e838ae",
          "attributes": {}
        },
        {
          "id": "fdd09842-14f9-4b82-a028-8c9c48cb4280",
          "name": "tasks",
          "composite": false,
          "clientRole": true,
          "containerId": "c8f9ddcd-a4cc-4c0c-b606-9abd06e838ae",
          "attributes": {}
        },
        {
          "id": "b9feb985-9319-42d0-b8be-52eb9fe86fd7",
          "name": "manufacturing",
          "composite": false,
          "clientRole": true,
          "containerId": "c8f9ddcd-a4cc-4c0c-b606-9abd06e838ae",
          "attributes": {}
        },
        {
          "id": "b030e510-5f64-4e30-adf7-911e50211786",
          "name": "plans",
          "composite": false,
          "clientRole": true,
          "containerId": "c8f9ddcd-a4cc-4c0c-b606-9abd06e838ae",
          "attributes": {}
        },
        {
          "id": "8ffe7aa1-1114-4658-b3d6-2b260600cdad",
          "name": "app-management",
          "composite": false,
          "clientRole": true,
          "containerId": "c8f9ddcd-a4cc-4c0c-b606-9abd06e838ae",
          "attributes": {}
        },
        {
          "id": "14c3674e-c118-4c7d-ac20-00eed1ff9120",
          "name": "edge",
          "composite": false,
          "clientRole": true,
          "containerId": "c8f9ddcd-a4cc-4c0c-b606-9abd06e838ae",
          "attributes": {}
        },
        {
          "id": "41e475a1-aa98-4abd-b884-03cc538db911",
          "name": "applications",
          "composite": false,
          "clientRole": true,
          "containerId": "c8f9ddcd-a4cc-4c0c-b606-9abd06e838ae",
          "attributes": {}
        },
        {
          "id": "dc63365a-c01b-442c-a006-55612e1ba7ff",
          "name": "iot",
          "composite": false,
          "clientRole": true,
          "containerId": "c8f9ddcd-a4cc-4c0c-b606-9abd06e838ae",
          "attributes": {}
        },
        {
          "id": "66dd288e-e85a-47bb-8d94-ddd2f4dd5be4",
          "name": "lora",
          "composite": false,
          "clientRole": true,
          "containerId": "c8f9ddcd-a4cc-4c0c-b606-9abd06e838ae",
          "attributes": {}
        },
        {
          "id": "d8bb8bb0-7de3-450f-b399-e3347757c755",
          "name": "home",
          "composite": false,
          "clientRole": true,
          "containerId": "c8f9ddcd-a4cc-4c0c-b606-9abd06e838ae",
          "attributes": {}
        },
        {
          "id": "79390bfe-488a-407d-93ac-00ea922d5977",
          "name": "my-account",
          "composite": false,
          "clientRole": true,
          "containerId": "c8f9ddcd-a4cc-4c0c-b606-9abd06e838ae",
          "attributes": {}
        },
        {
          "id": "ae4ca632-0445-4dc8-a78c-fe6f003371e8",
          "name": "reporting",
          "composite": false,
          "clientRole": true,
          "containerId": "c8f9ddcd-a4cc-4c0c-b606-9abd06e838ae",
          "attributes": {}
        },
        {
          "id": "3d80efaf-be16-42fc-864c-428f5cf9e878",
          "name": "user",
          "composite": true,
          "composites": {
            "client": {
              "nova-vector-ui": [
                "user"
              ],
              "account": [
                "view-profile"
              ]
            }
          },
          "clientRole": true,
          "containerId": "c8f9ddcd-a4cc-4c0c-b606-9abd06e838ae",
          "attributes": {}
        },
        {
          "id": "456140f5-eadd-4a20-91ba-db9981001e13",
          "name": "about",
          "composite": false,
          "clientRole": true,
          "containerId": "c8f9ddcd-a4cc-4c0c-b606-9abd06e838ae",
          "attributes": {}
        },
        {
          "id": "16b58a1c-35d7-451f-9986-6c0a51ed291e",
          "name": "system",
          "composite": false,
          "clientRole": true,
          "containerId": "c8f9ddcd-a4cc-4c0c-b606-9abd06e838ae",
          "attributes": {}
        },
        {
          "id": "52eb21b0-bf22-4c54-8a09-ff0449c8cf6f",
          "name": "clients",
          "composite": false,
          "clientRole": true,
          "containerId": "c8f9ddcd-a4cc-4c0c-b606-9abd06e838ae",
          "attributes": {}
        },
        {
          "id": "e69219a8-a6b8-4db8-9632-f909e383a731",
          "name": "admin",
          "composite": false,
          "clientRole": true,
          "containerId": "c8f9ddcd-a4cc-4c0c-b606-9abd06e838ae",
          "attributes": {}
        },
        {
          "id": "d932f559-f02c-4820-b591-51a008bcf629",
          "name": "plans-supervisor",
          "composite": false,
          "clientRole": true,
          "containerId": "c8f9ddcd-a4cc-4c0c-b606-9abd06e838ae",
          "attributes": {}
        },
        {
          "id": "eebc173d-0e14-45f6-838b-af42bc1c43ca",
          "name": "work-order",
          "composite": false,
          "clientRole": true,
          "containerId": "c8f9ddcd-a4cc-4c0c-b606-9abd06e838ae",
          "attributes": {}
        },
        {
          "id": "9a89f43a-fc79-4f12-a98d-36c7ae3b23b5",
          "name": "container-repo",
          "composite": false,
          "clientRole": true,
          "containerId": "c8f9ddcd-a4cc-4c0c-b606-9abd06e838ae",
          "attributes": {}
        },
        {
          "id": "06707ffd-9f8e-4cb8-87d4-41ceff39e196",
          "name": "nodered",
          "composite": false,
          "clientRole": true,
          "containerId": "c8f9ddcd-a4cc-4c0c-b606-9abd06e838ae",
          "attributes": {}
        },
        {
          "id": "b98e3505-8d44-4d19-8485-188f6fa12b9b",
          "name": "opc-ua",
          "composite": false,
          "clientRole": true,
          "containerId": "c8f9ddcd-a4cc-4c0c-b606-9abd06e838ae",
          "attributes": {}
        },
        {
          "id": "c6f09f51-2768-4d3c-a561-6264a067d032",
          "name": "plan_view.employee_tracking",
          "composite": false,
          "clientRole": true,
          "containerId": "c8f9ddcd-a4cc-4c0c-b606-9abd06e838ae",
          "attributes": {}
        },
        {
          "id": "a7410f5f-8919-471e-a2fd-d6f76f805ade",
          "name": "plan_view.shift_production",
          "composite": false,
          "clientRole": true,
          "containerId": "c8f9ddcd-a4cc-4c0c-b606-9abd06e838ae",
          "attributes": {}
        }
      ],
      "realm-management": [
        {
          "id": "ee608d83-1127-443d-b588-c7d2dbdbc110",
          "name": "query-realms",
          "description": "${role_query-realms}",
          "composite": false,
          "clientRole": true,
          "containerId": "8b74ceca-01f7-4843-aec9-b3146e82f5ac",
          "attributes": {}
        },
        {
          "id": "50b94aae-5773-44ce-bc0d-39d41b762233",
          "name": "realm-admin",
          "description": "${role_realm-admin}",
          "composite": true,
          "composites": {
            "client": {
              "realm-management": [
                "query-realms",
                "manage-clients",
                "view-clients",
                "view-identity-providers",
                "query-users",
                "query-groups",
                "manage-realm",
                "impersonation",
                "view-realm",
                "manage-identity-providers",
                "view-authorization",
                "manage-authorization",
                "manage-events",
                "create-client",
                "view-users",
                "manage-users",
                "query-clients",
                "view-events"
              ]
            }
          },
          "clientRole": true,
          "containerId": "8b74ceca-01f7-4843-aec9-b3146e82f5ac",
          "attributes": {}
        },
        {
          "id": "ed08f15f-6a28-437d-b483-eb5fb473df05",
          "name": "manage-clients",
          "description": "${role_manage-clients}",
          "composite": false,
          "clientRole": true,
          "containerId": "8b74ceca-01f7-4843-aec9-b3146e82f5ac",
          "attributes": {}
        },
        {
          "id": "9c7da1b4-b257-429e-b31c-73c94e00f06f",
          "name": "view-clients",
          "description": "${role_view-clients}",
          "composite": true,
          "composites": {
            "client": {
              "realm-management": [
                "query-clients"
              ]
            }
          },
          "clientRole": true,
          "containerId": "8b74ceca-01f7-4843-aec9-b3146e82f5ac",
          "attributes": {}
        },
        {
          "id": "d0d6f363-fa2e-48fb-9027-c6b377f7f5c5",
          "name": "view-identity-providers",
          "description": "${role_view-identity-providers}",
          "composite": false,
          "clientRole": true,
          "containerId": "8b74ceca-01f7-4843-aec9-b3146e82f5ac",
          "attributes": {}
        },
        {
          "id": "0bc0a786-95d2-4c51-8399-3582422c51a2",
          "name": "query-users",
          "description": "${role_query-users}",
          "composite": false,
          "clientRole": true,
          "containerId": "8b74ceca-01f7-4843-aec9-b3146e82f5ac",
          "attributes": {}
        },
        {
          "id": "2313e3ad-ae86-459b-9dd9-67d3f3d96d72",
          "name": "query-groups",
          "description": "${role_query-groups}",
          "composite": false,
          "clientRole": true,
          "containerId": "8b74ceca-01f7-4843-aec9-b3146e82f5ac",
          "attributes": {}
        },
        {
          "id": "0d956f05-e196-45da-a7bd-18b59f06d2ef",
          "name": "manage-realm",
          "description": "${role_manage-realm}",
          "composite": false,
          "clientRole": true,
          "containerId": "8b74ceca-01f7-4843-aec9-b3146e82f5ac",
          "attributes": {}
        },
        {
          "id": "515655f2-0aaf-4339-adae-5828167042c8",
          "name": "impersonation",
          "description": "${role_impersonation}",
          "composite": false,
          "clientRole": true,
          "containerId": "8b74ceca-01f7-4843-aec9-b3146e82f5ac",
          "attributes": {}
        },
        {
          "id": "5749947a-4bf2-4a3a-a971-37bdb9dc99a4",
          "name": "view-realm",
          "description": "${role_view-realm}",
          "composite": false,
          "clientRole": true,
          "containerId": "8b74ceca-01f7-4843-aec9-b3146e82f5ac",
          "attributes": {}
        },
        {
          "id": "c32d9bff-d913-40c2-8ad7-25c6f654c21d",
          "name": "manage-identity-providers",
          "description": "${role_manage-identity-providers}",
          "composite": false,
          "clientRole": true,
          "containerId": "8b74ceca-01f7-4843-aec9-b3146e82f5ac",
          "attributes": {}
        },
        {
          "id": "b1bdc4a8-e8b6-4fd4-b52b-1d3d088c8aff",
          "name": "view-authorization",
          "description": "${role_view-authorization}",
          "composite": false,
          "clientRole": true,
          "containerId": "8b74ceca-01f7-4843-aec9-b3146e82f5ac",
          "attributes": {}
        },
        {
          "id": "982c2964-7475-4829-96fe-3ce929a9d98e",
          "name": "manage-authorization",
          "description": "${role_manage-authorization}",
          "composite": false,
          "clientRole": true,
          "containerId": "8b74ceca-01f7-4843-aec9-b3146e82f5ac",
          "attributes": {}
        },
        {
          "id": "064e2a12-2c62-4ed4-8770-31d5be64080e",
          "name": "manage-events",
          "description": "${role_manage-events}",
          "composite": false,
          "clientRole": true,
          "containerId": "8b74ceca-01f7-4843-aec9-b3146e82f5ac",
          "attributes": {}
        },
        {
          "id": "4d4fcda2-40f2-4787-b3d0-c90cfc0e7f45",
          "name": "create-client",
          "description": "${role_create-client}",
          "composite": false,
          "clientRole": true,
          "containerId": "8b74ceca-01f7-4843-aec9-b3146e82f5ac",
          "attributes": {}
        },
        {
          "id": "4133c0c6-82b0-4ad0-a4f3-23890666b559",
          "name": "view-users",
          "description": "${role_view-users}",
          "composite": true,
          "composites": {
            "client": {
              "realm-management": [
                "query-users",
                "query-groups"
              ]
            }
          },
          "clientRole": true,
          "containerId": "8b74ceca-01f7-4843-aec9-b3146e82f5ac",
          "attributes": {}
        },
        {
          "id": "104bb1e9-a8c0-4709-bc53-e18d2610405e",
          "name": "manage-users",
          "description": "${role_manage-users}",
          "composite": false,
          "clientRole": true,
          "containerId": "8b74ceca-01f7-4843-aec9-b3146e82f5ac",
          "attributes": {}
        },
        {
          "id": "08b3b33e-1787-42bb-a984-3f10a25f60a2",
          "name": "query-clients",
          "description": "${role_query-clients}",
          "composite": false,
          "clientRole": true,
          "containerId": "8b74ceca-01f7-4843-aec9-b3146e82f5ac",
          "attributes": {}
        },
        {
          "id": "ad605f55-31bb-430c-96be-4470302fea4d",
          "name": "view-events",
          "description": "${role_view-events}",
          "composite": false,
          "clientRole": true,
          "containerId": "8b74ceca-01f7-4843-aec9-b3146e82f5ac",
          "attributes": {}
        }
      ],
      "nova-vector-things": [
        {
          "id": "f761a2db-c208-4c42-af3c-7d35b9a117af",
          "name": "delete",
          "composite": false,
          "clientRole": true,
          "containerId": "880a36e4-226b-4c51-9839-ae38520891e9",
          "attributes": {}
        },
        {
          "id": "c1a34c97-2eb2-4eaa-a3e5-114c416ae8e3",
          "name": "read",
          "composite": false,
          "clientRole": true,
          "containerId": "880a36e4-226b-4c51-9839-ae38520891e9",
          "attributes": {}
        },
        {
          "id": "9c35b4cc-b4cb-4a33-bbcc-96a17589bbf5",
          "name": "user",
          "composite": true,
          "composites": {
            "client": {
              "nova-vector-things": [
                "read"
              ]
            }
          },
          "clientRole": true,
          "containerId": "880a36e4-226b-4c51-9839-ae38520891e9",
          "attributes": {}
        },
        {
          "id": "cdf9a9fa-ea54-4316-bc7c-a89749780a58",
          "name": "admin",
          "composite": true,
          "composites": {
            "client": {
              "nova-vector-things": [
                "delete",
                "read",
                "update",
                "create"
              ]
            }
          },
          "clientRole": true,
          "containerId": "880a36e4-226b-4c51-9839-ae38520891e9",
          "attributes": {}
        },
        {
          "id": "33b07ee4-bc80-4d17-8ec7-5fc725b56c51",
          "name": "update",
          "composite": false,
          "clientRole": true,
          "containerId": "880a36e4-226b-4c51-9839-ae38520891e9",
          "attributes": {}
        },
        {
          "id": "93da3d5a-76fb-4e06-9fa1-15a8c65454ff",
          "name": "create",
          "composite": false,
          "clientRole": true,
          "containerId": "880a36e4-226b-4c51-9839-ae38520891e9",
          "attributes": {}
        }
      ],
      "nova-vector-portainer": [
        {
          "id": "ff107b27-6635-4cd0-9fef-1d2edaabee40",
          "name": "User",
          "composite": false,
          "clientRole": true,
          "containerId": "614a0f2a-880f-4346-8619-94ac7354e6d7",
          "attributes": {}
        },
        {
          "id": "8927f417-99e3-446b-9c71-5b933780b43d",
          "name": "Admin",
          "composite": false,
          "clientRole": true,
          "containerId": "614a0f2a-880f-4346-8619-94ac7354e6d7",
          "attributes": {}
        }
      ],
      "security-admin-console": [],
      "admin-cli": [],
      "account-console": [],
      "broker": [
        {
          "id": "931a4c8a-5002-4e60-b824-396f369ab199",
          "name": "read-token",
          "description": "${role_read-token}",
          "composite": false,
          "clientRole": true,
          "containerId": "4c7647cf-a799-44e4-be4a-070a505ffdbd",
          "attributes": {}
        }
      ],
      "nova_vector_grafana": [
        {
          "id": "a10eaed0-6dbf-4ee4-9df5-b803b59a4cd7",
          "name": "Viewer",
          "composite": false,
          "clientRole": true,
          "containerId": "8abc3532-6e9e-430b-a2a6-ed848dab6a54",
          "attributes": {}
        },
        {
          "id": "c51bf4c3-b031-4f97-b984-b9a29fccbc1c",
          "name": "Editor",
          "composite": false,
          "clientRole": true,
          "containerId": "8abc3532-6e9e-430b-a2a6-ed848dab6a54",
          "attributes": {}
        },
        {
          "id": "1e5d5afc-c8c7-4654-aa36-be21c8f8f74b",
          "name": "Admin",
          "composite": false,
          "clientRole": true,
          "containerId": "8abc3532-6e9e-430b-a2a6-ed848dab6a54",
          "attributes": {}
        }
      ],
      "account": [
        {
          "id": "7b5c86e1-68df-4888-92ca-e0ec85a498be",
          "name": "view-profile",
          "description": "${role_view-profile}",
          "composite": false,
          "clientRole": true,
          "containerId": "f01bdb6b-df93-4af9-8ede-b34d852b151c",
          "attributes": {}
        },
        {
          "id": "f87597ec-d191-4dcc-ae8f-f3c93b2e22ef",
          "name": "manage-consent",
          "description": "${role_manage-consent}",
          "composite": true,
          "composites": {
            "client": {
              "account": [
                "view-consent"
              ]
            }
          },
          "clientRole": true,
          "containerId": "f01bdb6b-df93-4af9-8ede-b34d852b151c",
          "attributes": {}
        },
        {
          "id": "4976d025-8b54-47ef-a174-9b4744385490",
          "name": "view-applications",
          "description": "${role_view-applications}",
          "composite": false,
          "clientRole": true,
          "containerId": "f01bdb6b-df93-4af9-8ede-b34d852b151c",
          "attributes": {}
        },
        {
          "id": "edd5bf79-2ec2-4ba1-a4b3-2910b0135efe",
          "name": "view-consent",
          "description": "${role_view-consent}",
          "composite": false,
          "clientRole": true,
          "containerId": "f01bdb6b-df93-4af9-8ede-b34d852b151c",
          "attributes": {}
        },
        {
          "id": "40492492-321f-4490-85c3-530eabdd2275",
          "name": "delete-account",
          "description": "${role_delete-account}",
          "composite": false,
          "clientRole": true,
          "containerId": "f01bdb6b-df93-4af9-8ede-b34d852b151c",
          "attributes": {}
        },
        {
          "id": "20b1bc3d-eefd-47c4-ad2f-b0c4505a9d64",
          "name": "manage-account",
          "description": "${role_manage-account}",
          "composite": true,
          "composites": {
            "client": {
              "account": [
                "manage-account-links"
              ]
            }
          },
          "clientRole": true,
          "containerId": "f01bdb6b-df93-4af9-8ede-b34d852b151c",
          "attributes": {}
        },
        {
          "id": "b1acd50a-06d7-41ff-9ee8-6034307a595b",
          "name": "manage-account-links",
          "description": "${role_manage-account-links}",
          "composite": false,
          "clientRole": true,
          "containerId": "f01bdb6b-df93-4af9-8ede-b34d852b151c",
          "attributes": {}
        }
      ]
    }
  },
  "groups": [
    {
      "id": "be8e435f-eaf5-416a-b3a1-84fd4591d039",
      "name": "default",
      "path": "/default",
      "attributes": {},
      "realmRoles": [],
      "clientRoles": {},
      "subGroups": []
    },
    {
      "id": "53b20dd2-b37b-4cac-a52c-457a0457735e",
      "name": "test",
      "path": "/test",
      "attributes": {},
      "realmRoles": [],
      "clientRoles": {},
      "subGroups": []
    }
  ],
  "defaultRole": {
    "id": "666b98a7-8943-48a3-8649-1be53154693a",
    "name": "default-roles-novavector",
    "description": "${role_default-roles}",
    "composite": true,
    "clientRole": false,
    "containerId": "NovaVector"
  },
  "defaultGroups": [
    "/default"
  ],
  "requiredCredentials": [
    "password"
  ],
  "otpPolicyType": "totp",
  "otpPolicyAlgorithm": "HmacSHA1",
  "otpPolicyInitialCounter": 0,
  "otpPolicyDigits": 6,
  "otpPolicyLookAheadWindow": 1,
  "otpPolicyPeriod": 30,
  "otpSupportedApplications": [
    "FreeOTP",
    "Google Authenticator"
  ],
  "webAuthnPolicyRpEntityName": "keycloak",
  "webAuthnPolicySignatureAlgorithms": [
    "ES256"
  ],
  "webAuthnPolicyRpId": "",
  "webAuthnPolicyAttestationConveyancePreference": "not specified",
  "webAuthnPolicyAuthenticatorAttachment": "not specified",
  "webAuthnPolicyRequireResidentKey": "not specified",
  "webAuthnPolicyUserVerificationRequirement": "not specified",
  "webAuthnPolicyCreateTimeout": 0,
  "webAuthnPolicyAvoidSameAuthenticatorRegister": false,
  "webAuthnPolicyAcceptableAaguids": [],
  "webAuthnPolicyPasswordlessRpEntityName": "keycloak",
  "webAuthnPolicyPasswordlessSignatureAlgorithms": [
    "ES256"
  ],
  "webAuthnPolicyPasswordlessRpId": "",
  "webAuthnPolicyPasswordlessAttestationConveyancePreference": "not specified",
  "webAuthnPolicyPasswordlessAuthenticatorAttachment": "not specified",
  "webAuthnPolicyPasswordlessRequireResidentKey": "not specified",
  "webAuthnPolicyPasswordlessUserVerificationRequirement": "not specified",
  "webAuthnPolicyPasswordlessCreateTimeout": 0,
  "webAuthnPolicyPasswordlessAvoidSameAuthenticatorRegister": false,
  "webAuthnPolicyPasswordlessAcceptableAaguids": [],
  "scopeMappings": [
    {
      "clientScope": "offline_access",
      "roles": [
        "offline_access"
      ]
    }
  ],
  "clientScopeMappings": {
    "account": [
      {
        "client": "account-console",
        "roles": [
          "manage-account"
        ]
      }
    ]
  },
  "clients": [
    {
      "id": "f01bdb6b-df93-4af9-8ede-b34d852b151c",
      "clientId": "account",
      "name": "${client_account}",
      "rootUrl": "${authBaseUrl}",
      "baseUrl": "/realms/NovaVector/account/",
      "surrogateAuthRequired": false,
      "enabled": true,
      "alwaysDisplayInConsole": false,
      "clientAuthenticatorType": "client-secret",
      "secret": "**********",
      "redirectUris": [
        "/realms/NovaVector/account/*"
      ],
      "webOrigins": [
        "*"
      ],
      "notBefore": 0,
      "bearerOnly": false,
      "consentRequired": false,
      "standardFlowEnabled": true,
      "implicitFlowEnabled": false,
      "directAccessGrantsEnabled": false,
      "serviceAccountsEnabled": false,
      "publicClient": false,
      "frontchannelLogout": false,
      "protocol": "openid-connect",
      "attributes": {},
      "authenticationFlowBindingOverrides": {},
      "fullScopeAllowed": false,
      "nodeReRegistrationTimeout": 0,
      "defaultClientScopes": [
        "web-origins",
        "profile",
        "roles",
        "email"
      ],
      "optionalClientScopes": [
        "address",
        "phone",
        "offline_access",
        "microprofile-jwt"
      ]
    },
    {
      "id": "9ccc10e2-65bb-4f15-b639-1747018fafd4",
      "clientId": "account-console",
      "name": "${client_account-console}",
      "rootUrl": "${authBaseUrl}",
      "baseUrl": "/realms/NovaVector/account/",
      "surrogateAuthRequired": false,
      "enabled": true,
      "alwaysDisplayInConsole": false,
      "clientAuthenticatorType": "client-secret",
      "redirectUris": [
        "/realms/NovaVector/account/*"
      ],
      "webOrigins": [
        "*"
      ],
      "notBefore": 0,
      "bearerOnly": false,
      "consentRequired": false,
      "standardFlowEnabled": true,
      "implicitFlowEnabled": false,
      "directAccessGrantsEnabled": false,
      "serviceAccountsEnabled": false,
      "publicClient": true,
      "frontchannelLogout": false,
      "protocol": "openid-connect",
      "attributes": {
        "pkce.code.challenge.method": "S256"
      },
      "authenticationFlowBindingOverrides": {},
      "fullScopeAllowed": false,
      "nodeReRegistrationTimeout": 0,
      "protocolMappers": [
        {
          "id": "82588569-3d17-49fb-bda7-a4467377f080",
          "name": "audience resolve",
          "protocol": "openid-connect",
          "protocolMapper": "oidc-audience-resolve-mapper",
          "consentRequired": false,
          "config": {}
        }
      ],
      "defaultClientScopes": [
        "web-origins",
        "profile",
        "roles",
        "email"
      ],
      "optionalClientScopes": [
        "address",
        "phone",
        "offline_access",
        "microprofile-jwt"
      ]
    },
    {
      "id": "ffdd1a59-3db9-4733-b0dc-90a12662b592",
      "clientId": "admin-cli",
      "name": "${client_admin-cli}",
      "surrogateAuthRequired": false,
      "enabled": true,
      "alwaysDisplayInConsole": false,
      "clientAuthenticatorType": "client-secret",
      "secret": "**********",
      "redirectUris": [],
      "webOrigins": [],
      "notBefore": 0,
      "bearerOnly": false,
      "consentRequired": false,
      "standardFlowEnabled": false,
      "implicitFlowEnabled": false,
      "directAccessGrantsEnabled": true,
      "serviceAccountsEnabled": false,
      "publicClient": true,
      "frontchannelLogout": false,
      "protocol": "openid-connect",
      "attributes": {},
      "authenticationFlowBindingOverrides": {},
      "fullScopeAllowed": false,
      "nodeReRegistrationTimeout": 0,
      "defaultClientScopes": [
        "web-origins",
        "profile",
        "roles",
        "email"
      ],
      "optionalClientScopes": [
        "address",
        "phone",
        "offline_access",
        "microprofile-jwt"
      ]
    },
    {
      "id": "4c7647cf-a799-44e4-be4a-070a505ffdbd",
      "clientId": "broker",
      "name": "${client_broker}",
      "surrogateAuthRequired": false,
      "enabled": true,
      "alwaysDisplayInConsole": false,
      "clientAuthenticatorType": "client-secret",
      "secret": "**********",
      "redirectUris": [],
      "webOrigins": [],
      "notBefore": 0,
      "bearerOnly": false,
      "consentRequired": false,
      "standardFlowEnabled": true,
      "implicitFlowEnabled": false,
      "directAccessGrantsEnabled": false,
      "serviceAccountsEnabled": false,
      "publicClient": false,
      "frontchannelLogout": false,
      "protocol": "openid-connect",
      "attributes": {},
      "authenticationFlowBindingOverrides": {},
      "fullScopeAllowed": false,
      "nodeReRegistrationTimeout": 0,
      "defaultClientScopes": [
        "web-origins",
        "profile",
        "roles",
        "email"
      ],
      "optionalClientScopes": [
        "address",
        "phone",
        "offline_access",
        "microprofile-jwt"
      ]
    },
    {
      "id": "614a0f2a-880f-4346-8619-94ac7354e6d7",
      "clientId": "nova-vector-portainer",
      "surrogateAuthRequired": false,
      "enabled": true,
      "alwaysDisplayInConsole": false,
      "clientAuthenticatorType": "client-secret",
      "secret": "**********",
      "redirectUris": [
        "*"
      ],
      "webOrigins": [
        "*"
      ],
      "notBefore": 0,
      "bearerOnly": false,
      "consentRequired": false,
      "standardFlowEnabled": true,
      "implicitFlowEnabled": false,
      "directAccessGrantsEnabled": true,
      "serviceAccountsEnabled": false,
      "publicClient": false,
      "frontchannelLogout": false,
      "protocol": "openid-connect",
      "attributes": {
        "saml.assertion.signature": "false",
        "id.token.as.detached.signature": "false",
        "saml.multivalued.roles": "false",
        "saml.force.post.binding": "false",
        "saml.encrypt": "false",
        "oauth2.device.authorization.grant.enabled": "false",
        "backchannel.logout.revoke.offline.tokens": "false",
        "saml.server.signature": "false",
        "saml.server.signature.keyinfo.ext": "false",
        "use.refresh.tokens": "true",
        "exclude.session.state.from.auth.response": "false",
        "oidc.ciba.grant.enabled": "false",
        "saml.artifact.binding": "false",
        "backchannel.logout.session.required": "true",
        "client_credentials.use_refresh_token": "false",
        "saml_force_name_id_format": "false",
        "saml.client.signature": "false",
        "tls.client.certificate.bound.access.tokens": "false",
        "require.pushed.authorization.requests": "false",
        "saml.authnstatement": "false",
        "display.on.consent.screen": "false",
        "saml.onetimeuse.condition": "false"
      },
      "authenticationFlowBindingOverrides": {},
      "fullScopeAllowed": true,
      "nodeReRegistrationTimeout": -1,
      "defaultClientScopes": [
        "web-origins",
        "profile",
        "roles",
        "email"
      ],
      "optionalClientScopes": [
        "address",
        "phone",
        "offline_access",
        "microprofile-jwt"
      ]
    },
    {
      "id": "880a36e4-226b-4c51-9839-ae38520891e9",
      "clientId": "nova-vector-things",
      "name": "Things",
      "rootUrl": "",
      "surrogateAuthRequired": false,
      "enabled": true,
      "alwaysDisplayInConsole": false,
      "clientAuthenticatorType": "client-secret",
      "secret": "**********",
      "redirectUris": [
        "*"
      ],
      "webOrigins": [
        "*"
      ],
      "notBefore": 0,
      "bearerOnly": false,
      "consentRequired": false,
      "standardFlowEnabled": true,
      "implicitFlowEnabled": false,
      "directAccessGrantsEnabled": true,
      "serviceAccountsEnabled": false,
      "publicClient": false,
      "frontchannelLogout": false,
      "protocol": "openid-connect",
      "attributes": {
        "saml.assertion.signature": "false",
        "saml.force.post.binding": "false",
        "saml.multivalued.roles": "false",
        "saml.encrypt": "false",
        "saml.server.signature": "false",
        "saml.server.signature.keyinfo.ext": "false",
        "exclude.session.state.from.auth.response": "false",
        "saml_force_name_id_format": "false",
        "saml.client.signature": "false",
        "tls.client.certificate.bound.access.tokens": "false",
        "saml.authnstatement": "false",
        "display.on.consent.screen": "false",
        "saml.onetimeuse.condition": "false"
      },
      "authenticationFlowBindingOverrides": {},
      "fullScopeAllowed": true,
      "nodeReRegistrationTimeout": -1,
      "defaultClientScopes": [
        "web-origins",
        "profile",
        "roles",
        "nova-vector",
        "email"
      ],
      "optionalClientScopes": [
        "address",
        "phone",
        "offline_access",
        "microprofile-jwt"
      ]
    },
    {
      "id": "c8f9ddcd-a4cc-4c0c-b606-9abd06e838ae",
      "clientId": "nova-vector-ui",
      "rootUrl": "",
      "surrogateAuthRequired": false,
      "enabled": true,
      "alwaysDisplayInConsole": false,
      "clientAuthenticatorType": "client-secret",
      "secret": "**********",
      "redirectUris": [
        "*"
      ],
      "webOrigins": [
        "*"
      ],
      "notBefore": 0,
      "bearerOnly": false,
      "consentRequired": false,
      "standardFlowEnabled": true,
      "implicitFlowEnabled": false,
      "directAccessGrantsEnabled": true,
      "serviceAccountsEnabled": false,
      "publicClient": true,
      "frontchannelLogout": false,
      "protocol": "openid-connect",
      "attributes": {
        "saml.assertion.signature": "false",
        "saml.force.post.binding": "false",
        "saml.multivalued.roles": "false",
        "saml.encrypt": "false",
        "saml.server.signature": "false",
        "saml.server.signature.keyinfo.ext": "false",
        "exclude.session.state.from.auth.response": "false",
        "saml_force_name_id_format": "false",
        "saml.client.signature": "false",
        "tls.client.certificate.bound.access.tokens": "false",
        "saml.authnstatement": "false",
        "display.on.consent.screen": "false",
        "saml.onetimeuse.condition": "false"
      },
      "authenticationFlowBindingOverrides": {},
      "fullScopeAllowed": true,
      "nodeReRegistrationTimeout": -1,
      "defaultClientScopes": [
        "web-origins",
        "profile",
        "roles",
        "nova-vector",
        "email"
      ],
      "optionalClientScopes": [
        "address",
        "phone",
        "offline_access",
        "microprofile-jwt"
      ]
    },
    {
      "id": "8abc3532-6e9e-430b-a2a6-ed848dab6a54",
      "clientId": "nova_vector_grafana",
      "name": "Grafana",
      "surrogateAuthRequired": false,
      "enabled": true,
      "alwaysDisplayInConsole": false,
      "clientAuthenticatorType": "client-secret",
      "secret": "**********",
      "redirectUris": [
        "*"
      ],
      "webOrigins": [
        "*"
      ],
      "notBefore": 0,
      "bearerOnly": false,
      "consentRequired": false,
      "standardFlowEnabled": true,
      "implicitFlowEnabled": false,
      "directAccessGrantsEnabled": true,
      "serviceAccountsEnabled": false,
      "publicClient": false,
      "frontchannelLogout": false,
      "protocol": "openid-connect",
      "attributes": {
        "saml.assertion.signature": "false",
        "saml.force.post.binding": "false",
        "saml.multivalued.roles": "false",
        "saml.encrypt": "false",
        "saml.server.signature": "false",
        "saml.server.signature.keyinfo.ext": "false",
        "exclude.session.state.from.auth.response": "true",
        "saml_force_name_id_format": "false",
        "saml.client.signature": "false",
        "tls.client.certificate.bound.access.tokens": "false",
        "saml.authnstatement": "false",
        "display.on.consent.screen": "false",
        "saml.onetimeuse.condition": "false"
      },
      "authenticationFlowBindingOverrides": {},
      "fullScopeAllowed": true,
      "nodeReRegistrationTimeout": -1,
      "defaultClientScopes": [
        "web-origins",
        "profile",
        "roles",
        "nova-vector",
        "email"
      ],
      "optionalClientScopes": [
        "address",
        "phone",
        "offline_access",
        "microprofile-jwt"
      ]
    },
    {
      "id": "8b74ceca-01f7-4843-aec9-b3146e82f5ac",
      "clientId": "realm-management",
      "name": "${client_realm-management}",
      "surrogateAuthRequired": false,
      "enabled": true,
      "alwaysDisplayInConsole": false,
      "clientAuthenticatorType": "client-secret",
      "secret": "**********",
      "redirectUris": [],
      "webOrigins": [],
      "notBefore": 0,
      "bearerOnly": true,
      "consentRequired": false,
      "standardFlowEnabled": true,
      "implicitFlowEnabled": false,
      "directAccessGrantsEnabled": false,
      "serviceAccountsEnabled": false,
      "publicClient": false,
      "frontchannelLogout": false,
      "protocol": "openid-connect",
      "attributes": {},
      "authenticationFlowBindingOverrides": {},
      "fullScopeAllowed": false,
      "nodeReRegistrationTimeout": 0,
      "defaultClientScopes": [
        "web-origins",
        "profile",
        "roles",
        "email"
      ],
      "optionalClientScopes": [
        "address",
        "phone",
        "offline_access",
        "microprofile-jwt"
      ]
    },
    {
      "id": "1720d334-550b-4728-825a-bad6bc3cc21a",
      "clientId": "security-admin-console",
      "name": "${client_security-admin-console}",
      "rootUrl": "${authAdminUrl}",
      "baseUrl": "/admin/NovaVector/console/",
      "surrogateAuthRequired": false,
      "enabled": true,
      "alwaysDisplayInConsole": false,
      "clientAuthenticatorType": "client-secret",
      "secret": "**********",
      "redirectUris": [
        "/admin/NovaVector/console/*"
      ],
      "webOrigins": [
        "+"
      ],
      "notBefore": 0,
      "bearerOnly": false,
      "consentRequired": false,
      "standardFlowEnabled": true,
      "implicitFlowEnabled": false,
      "directAccessGrantsEnabled": false,
      "serviceAccountsEnabled": false,
      "publicClient": true,
      "frontchannelLogout": false,
      "protocol": "openid-connect",
      "attributes": {
        "pkce.code.challenge.method": "S256"
      },
      "authenticationFlowBindingOverrides": {},
      "fullScopeAllowed": false,
      "nodeReRegistrationTimeout": 0,
      "protocolMappers": [
        {
          "id": "86d2806e-eaac-4958-b4df-6e70c8d72c2e",
          "name": "locale",
          "protocol": "openid-connect",
          "protocolMapper": "oidc-usermodel-attribute-mapper",
          "consentRequired": false,
          "config": {
            "userinfo.token.claim": "true",
            "user.attribute": "locale",
            "id.token.claim": "true",
            "access.token.claim": "true",
            "claim.name": "locale",
            "jsonType.label": "String"
          }
        }
      ],
      "defaultClientScopes": [
        "web-origins",
        "profile",
        "roles",
        "email"
      ],
      "optionalClientScopes": [
        "address",
        "phone",
        "offline_access",
        "microprofile-jwt"
      ]
    }
  ],
  "clientScopes": [
    {
      "id": "d6c5fd86-570f-4e44-bc95-83e96bcfcf16",
      "name": "microprofile-jwt",
      "description": "Microprofile - JWT built-in scope",
      "protocol": "openid-connect",
      "attributes": {
        "include.in.token.scope": "true",
        "display.on.consent.screen": "false"
      },
      "protocolMappers": [
        {
          "id": "5d845967-e5b8-45e0-bcc1-32e3095790cd",
          "name": "upn",
          "protocol": "openid-connect",
          "protocolMapper": "oidc-usermodel-property-mapper",
          "consentRequired": false,
          "config": {
            "userinfo.token.claim": "true",
            "user.attribute": "username",
            "id.token.claim": "true",
            "access.token.claim": "true",
            "claim.name": "upn",
            "jsonType.label": "String"
          }
        },
        {
          "id": "26c025ca-2501-4b10-9906-6e6df39cf5e1",
          "name": "groups",
          "protocol": "openid-connect",
          "protocolMapper": "oidc-usermodel-realm-role-mapper",
          "consentRequired": false,
          "config": {
            "multivalued": "true",
            "userinfo.token.claim": "true",
            "user.attribute": "foo",
            "id.token.claim": "true",
            "access.token.claim": "true",
            "claim.name": "groups",
            "jsonType.label": "String"
          }
        }
      ]
    },
    {
      "id": "6f305503-ad0a-4fbd-83f7-9ad3bd09c598",
      "name": "offline_access",
      "description": "OpenID Connect built-in scope: offline_access",
      "protocol": "openid-connect",
      "attributes": {
        "consent.screen.text": "${offlineAccessScopeConsentText}",
        "display.on.consent.screen": "true"
      }
    },
    {
      "id": "6e82bdc7-67a1-442a-8521-44d437c2f723",
      "name": "address",
      "description": "OpenID Connect built-in scope: address",
      "protocol": "openid-connect",
      "attributes": {
        "include.in.token.scope": "true",
        "display.on.consent.screen": "true",
        "consent.screen.text": "${addressScopeConsentText}"
      },
      "protocolMappers": [
        {
          "id": "74a50d3e-cf89-4037-9869-797d0c1cee01",
          "name": "address",
          "protocol": "openid-connect",
          "protocolMapper": "oidc-address-mapper",
          "consentRequired": false,
          "config": {
            "user.attribute.formatted": "formatted",
            "user.attribute.country": "country",
            "user.attribute.postal_code": "postal_code",
            "userinfo.token.claim": "true",
            "user.attribute.street": "street",
            "id.token.claim": "true",
            "user.attribute.region": "region",
            "access.token.claim": "true",
            "user.attribute.locality": "locality"
          }
        }
      ]
    },
    {
      "id": "d4481c6c-e702-4768-8739-9cd9860e7714",
      "name": "nova-vector",
      "protocol": "openid-connect",
      "attributes": {
        "include.in.token.scope": "true",
        "display.on.consent.screen": "true"
      },
      "protocolMappers": [
        {
          "id": "930fddd0-b768-4f51-96a4-301deaf73048",
          "name": "thing_groups",
          "protocol": "openid-connect",
          "protocolMapper": "oidc-group-membership-mapper",
          "consentRequired": false,
          "config": {
            "full.path": "true",
            "id.token.claim": "true",
            "access.token.claim": "true",
            "claim.name": "thing_groups",
            "userinfo.token.claim": "true"
          }
        },
        {
          "id": "02d4c669-5ffd-40dd-85a1-74e935cadfcc",
          "name": "user_id",
          "protocol": "openid-connect",
          "protocolMapper": "oidc-usermodel-property-mapper",
          "consentRequired": false,
          "config": {
            "userinfo.token.claim": "true",
            "user.attribute": "id",
            "id.token.claim": "true",
            "access.token.claim": "true",
            "claim.name": "user_id",
            "jsonType.label": "String"
          }
        },
        {
          "id": "03fe302e-92cf-45be-a569-64c2a192927e",
          "name": "home_dashboard",
          "protocol": "openid-connect",
          "protocolMapper": "oidc-usermodel-attribute-mapper",
          "consentRequired": false,
          "config": {
            "userinfo.token.claim": "true",
            "user.attribute": "home_dashboard",
            "id.token.claim": "true",
            "access.token.claim": "true",
            "claim.name": "home_dashboard",
            "jsonType.label": "String"
          }
        }
      ]
    },
    {
      "id": "931dfa49-ed7b-4799-b0dc-2a158f38deaa",
      "name": "profile",
      "description": "OpenID Connect built-in scope: profile",
      "protocol": "openid-connect",
      "attributes": {
        "include.in.token.scope": "true",
        "display.on.consent.screen": "true",
        "consent.screen.text": "${profileScopeConsentText}"
      },
      "protocolMappers": [
        {
          "id": "d2c1ede4-39db-48dc-9d20-877df1f2e588",
          "name": "given name",
          "protocol": "openid-connect",
          "protocolMapper": "oidc-usermodel-property-mapper",
          "consentRequired": false,
          "config": {
            "userinfo.token.claim": "true",
            "user.attribute": "firstName",
            "id.token.claim": "true",
            "access.token.claim": "true",
            "claim.name": "given_name",
            "jsonType.label": "String"
          }
        },
        {
          "id": "6fca59fb-525a-476f-a4b0-30392fbc9b2a",
          "name": "nickname",
          "protocol": "openid-connect",
          "protocolMapper": "oidc-usermodel-attribute-mapper",
          "consentRequired": false,
          "config": {
            "userinfo.token.claim": "true",
            "user.attribute": "nickname",
            "id.token.claim": "true",
            "access.token.claim": "true",
            "claim.name": "nickname",
            "jsonType.label": "String"
          }
        },
        {
          "id": "a6bc1946-3c68-4f51-8b0e-659c5b3a28c3",
          "name": "locale",
          "protocol": "openid-connect",
          "protocolMapper": "oidc-usermodel-attribute-mapper",
          "consentRequired": false,
          "config": {
            "userinfo.token.claim": "true",
            "user.attribute": "locale",
            "id.token.claim": "true",
            "access.token.claim": "true",
            "claim.name": "locale",
            "jsonType.label": "String"
          }
        },
        {
          "id": "cbf81a22-e160-4ed0-b991-4ddf0865d8a2",
          "name": "username",
          "protocol": "openid-connect",
          "protocolMapper": "oidc-usermodel-property-mapper",
          "consentRequired": false,
          "config": {
            "userinfo.token.claim": "true",
            "user.attribute": "username",
            "id.token.claim": "true",
            "access.token.claim": "true",
            "claim.name": "preferred_username",
            "jsonType.label": "String"
          }
        },
        {
          "id": "0ad9087a-9279-4896-bb11-b6172d420464",
          "name": "birthdate",
          "protocol": "openid-connect",
          "protocolMapper": "oidc-usermodel-attribute-mapper",
          "consentRequired": false,
          "config": {
            "userinfo.token.claim": "true",
            "user.attribute": "birthdate",
            "id.token.claim": "true",
            "access.token.claim": "true",
            "claim.name": "birthdate",
            "jsonType.label": "String"
          }
        },
        {
          "id": "f053912c-a3a9-462a-b60c-6afcfebf15b5",
          "name": "profile",
          "protocol": "openid-connect",
          "protocolMapper": "oidc-usermodel-attribute-mapper",
          "consentRequired": false,
          "config": {
            "userinfo.token.claim": "true",
            "user.attribute": "profile",
            "id.token.claim": "true",
            "access.token.claim": "true",
            "claim.name": "profile",
            "jsonType.label": "String"
          }
        },
        {
          "id": "2d9e3567-4139-4090-b5fa-6002027f8cd2",
          "name": "zoneinfo",
          "protocol": "openid-connect",
          "protocolMapper": "oidc-usermodel-attribute-mapper",
          "consentRequired": false,
          "config": {
            "userinfo.token.claim": "true",
            "user.attribute": "zoneinfo",
            "id.token.claim": "true",
            "access.token.claim": "true",
            "claim.name": "zoneinfo",
            "jsonType.label": "String"
          }
        },
        {
          "id": "1d3b7ddf-6c29-4384-a744-263e31643de4",
          "name": "full name",
          "protocol": "openid-connect",
          "protocolMapper": "oidc-full-name-mapper",
          "consentRequired": false,
          "config": {
            "id.token.claim": "true",
            "access.token.claim": "true",
            "userinfo.token.claim": "true"
          }
        },
        {
          "id": "5623bb69-b647-4adb-a9c4-488a828e060b",
          "name": "picture",
          "protocol": "openid-connect",
          "protocolMapper": "oidc-usermodel-attribute-mapper",
          "consentRequired": false,
          "config": {
            "userinfo.token.claim": "true",
            "user.attribute": "picture",
            "id.token.claim": "true",
            "access.token.claim": "true",
            "claim.name": "picture",
            "jsonType.label": "String"
          }
        },
        {
          "id": "98f53652-f602-42cd-b992-6e73257eadc9",
          "name": "updated at",
          "protocol": "openid-connect",
          "protocolMapper": "oidc-usermodel-attribute-mapper",
          "consentRequired": false,
          "config": {
            "userinfo.token.claim": "true",
            "user.attribute": "updatedAt",
            "id.token.claim": "true",
            "access.token.claim": "true",
            "claim.name": "updated_at",
            "jsonType.label": "String"
          }
        },
        {
          "id": "e346db8e-00c7-41c4-a1a2-43371b9dbf6a",
          "name": "family name",
          "protocol": "openid-connect",
          "protocolMapper": "oidc-usermodel-property-mapper",
          "consentRequired": false,
          "config": {
            "userinfo.token.claim": "true",
            "user.attribute": "lastName",
            "id.token.claim": "true",
            "access.token.claim": "true",
            "claim.name": "family_name",
            "jsonType.label": "String"
          }
        },
        {
          "id": "02382bce-d49f-4c00-8fa0-46a7e1b8c26b",
          "name": "middle name",
          "protocol": "openid-connect",
          "protocolMapper": "oidc-usermodel-attribute-mapper",
          "consentRequired": false,
          "config": {
            "userinfo.token.claim": "true",
            "user.attribute": "middleName",
            "id.token.claim": "true",
            "access.token.claim": "true",
            "claim.name": "middle_name",
            "jsonType.label": "String"
          }
        },
        {
          "id": "7d7ff0d5-283e-45e8-b6d3-88bd3f6e9c1c",
          "name": "website",
          "protocol": "openid-connect",
          "protocolMapper": "oidc-usermodel-attribute-mapper",
          "consentRequired": false,
          "config": {
            "userinfo.token.claim": "true",
            "user.attribute": "website",
            "id.token.claim": "true",
            "access.token.claim": "true",
            "claim.name": "website",
            "jsonType.label": "String"
          }
        },
        {
          "id": "67023155-54cf-472c-985a-2f5bdf6f6062",
          "name": "gender",
          "protocol": "openid-connect",
          "protocolMapper": "oidc-usermodel-attribute-mapper",
          "consentRequired": false,
          "config": {
            "userinfo.token.claim": "true",
            "user.attribute": "gender",
            "id.token.claim": "true",
            "access.token.claim": "true",
            "claim.name": "gender",
            "jsonType.label": "String"
          }
        }
      ]
    },
    {
      "id": "86cb97a5-370f-4b30-aa2d-9719f945eb58",
      "name": "web-origins",
      "description": "OpenID Connect scope for add allowed web origins to the access token",
      "protocol": "openid-connect",
      "attributes": {
        "include.in.token.scope": "false",
        "display.on.consent.screen": "false",
        "consent.screen.text": ""
      },
      "protocolMappers": [
        {
          "id": "8a3c1ad9-0a6d-4f33-84e7-b8248f4f873f",
          "name": "allowed web origins",
          "protocol": "openid-connect",
          "protocolMapper": "oidc-allowed-origins-mapper",
          "consentRequired": false,
          "config": {}
        }
      ]
    },
    {
      "id": "43a81eed-1fbe-4169-b015-669efa25777c",
      "name": "role_list",
      "description": "SAML role list",
      "protocol": "saml",
      "attributes": {
        "consent.screen.text": "${samlRoleListScopeConsentText}",
        "display.on.consent.screen": "true"
      },
      "protocolMappers": [
        {
          "id": "e6f7cf39-b678-4d1d-b2dd-cb1aaa325b51",
          "name": "role list",
          "protocol": "saml",
          "protocolMapper": "saml-role-list-mapper",
          "consentRequired": false,
          "config": {
            "single": "false",
            "attribute.nameformat": "Basic",
            "attribute.name": "Role"
          }
        }
      ]
    },
    {
      "id": "8374d2f1-fd76-41c7-ab95-4211455c3ccc",
      "name": "phone",
      "description": "OpenID Connect built-in scope: phone",
      "protocol": "openid-connect",
      "attributes": {
        "include.in.token.scope": "true",
        "display.on.consent.screen": "true",
        "consent.screen.text": "${phoneScopeConsentText}"
      },
      "protocolMappers": [
        {
          "id": "ba07c9fd-e9bf-4996-b3cb-ea8a2e370979",
          "name": "phone number",
          "protocol": "openid-connect",
          "protocolMapper": "oidc-usermodel-attribute-mapper",
          "consentRequired": false,
          "config": {
            "userinfo.token.claim": "true",
            "user.attribute": "phoneNumber",
            "id.token.claim": "true",
            "access.token.claim": "true",
            "claim.name": "phone_number",
            "jsonType.label": "String"
          }
        },
        {
          "id": "8e691506-a853-4534-be3b-1f4fa0f5285f",
          "name": "phone number verified",
          "protocol": "openid-connect",
          "protocolMapper": "oidc-usermodel-attribute-mapper",
          "consentRequired": false,
          "config": {
            "userinfo.token.claim": "true",
            "user.attribute": "phoneNumberVerified",
            "id.token.claim": "true",
            "access.token.claim": "true",
            "claim.name": "phone_number_verified",
            "jsonType.label": "boolean"
          }
        }
      ]
    },
    {
      "id": "446d7bf1-c025-4940-9395-fdd8e8d0edf8",
      "name": "email",
      "description": "OpenID Connect built-in scope: email",
      "protocol": "openid-connect",
      "attributes": {
        "include.in.token.scope": "true",
        "display.on.consent.screen": "true",
        "consent.screen.text": "${emailScopeConsentText}"
      },
      "protocolMappers": [
        {
          "id": "2253ee23-a9f4-4faf-87a3-7148a998916f",
          "name": "email",
          "protocol": "openid-connect",
          "protocolMapper": "oidc-usermodel-property-mapper",
          "consentRequired": false,
          "config": {
            "userinfo.token.claim": "true",
            "user.attribute": "email",
            "id.token.claim": "true",
            "access.token.claim": "true",
            "claim.name": "email",
            "jsonType.label": "String"
          }
        },
        {
          "id": "5ba7a4bb-d52f-4ee9-81f1-0c98c1b4d019",
          "name": "email verified",
          "protocol": "openid-connect",
          "protocolMapper": "oidc-usermodel-property-mapper",
          "consentRequired": false,
          "config": {
            "userinfo.token.claim": "true",
            "user.attribute": "emailVerified",
            "id.token.claim": "true",
            "access.token.claim": "true",
            "claim.name": "email_verified",
            "jsonType.label": "boolean"
          }
        }
      ]
    },
    {
      "id": "1faed3d8-b8b4-4674-a244-9408fe457635",
      "name": "roles",
      "description": "OpenID Connect scope for add user roles to the access token",
      "protocol": "openid-connect",
      "attributes": {
        "include.in.token.scope": "true",
        "display.on.consent.screen": "true",
        "consent.screen.text": "${rolesScopeConsentText}"
      },
      "protocolMappers": [
        {
          "id": "2ba8b1c0-c534-48ca-9d23-f00aadecd990",
          "name": "realm roles",
          "protocol": "openid-connect",
          "protocolMapper": "oidc-usermodel-realm-role-mapper",
          "consentRequired": false,
          "config": {
            "multivalued": "true",
            "userinfo.token.claim": "true",
            "user.attribute": "foo",
            "id.token.claim": "true",
            "access.token.claim": "true",
            "claim.name": "realm_access.roles",
            "jsonType.label": "String"
          }
        },
        {
          "id": "4020aa0d-964e-4c99-b55a-3f57d701fe78",
          "name": "client roles",
          "protocol": "openid-connect",
          "protocolMapper": "oidc-usermodel-client-role-mapper",
          "consentRequired": false,
          "config": {
            "multivalued": "true",
            "userinfo.token.claim": "true",
            "user.attribute": "foo",
            "id.token.claim": "true",
            "access.token.claim": "true",
            "claim.name": "resource_access.${client_id}.roles",
            "jsonType.label": "String"
          }
        },
        {
          "id": "ce3520f5-d97b-41a0-b375-2ca8c6617536",
          "name": "audience resolve",
          "protocol": "openid-connect",
          "protocolMapper": "oidc-audience-resolve-mapper",
          "consentRequired": false,
          "config": {}
        }
      ]
    }
  ],
  "defaultDefaultClientScopes": [
    "role_list",
    "profile",
    "email",
    "roles",
    "web-origins"
  ],
  "defaultOptionalClientScopes": [
    "offline_access",
    "address",
    "phone",
    "microprofile-jwt"
  ],
  "browserSecurityHeaders": {
    "contentSecurityPolicyReportOnly": "",
    "xContentTypeOptions": "nosniff",
    "xRobotsTag": "none",
    "xFrameOptions": "LAX",
    "contentSecurityPolicy": "frame-src 'self'; object-src 'none';",
    "xXSSProtection": "1; mode=block",
    "strictTransportSecurity": "max-age=31536000; includeSubDomains"
  },
  "smtpServer": {},
  "eventsEnabled": false,
  "eventsListeners": [
    "jboss-logging"
  ],
  "enabledEventTypes": [],
  "adminEventsEnabled": false,
  "adminEventsDetailsEnabled": false,
  "identityProviders": [],
  "identityProviderMappers": [],
  "components": {
    "org.keycloak.services.clientregistration.policy.ClientRegistrationPolicy": [
      {
        "id": "4e41ba47-ab74-4400-b4f0-fd10c17278f6",
        "name": "Max Clients Limit",
        "providerId": "max-clients",
        "subType": "anonymous",
        "subComponents": {},
        "config": {
          "max-clients": [
            "200"
          ]
        }
      },
      {
        "id": "e8b99b26-ca61-4e6b-84ea-8f9415f43107",
        "name": "Allowed Client Scopes",
        "providerId": "allowed-client-templates",
        "subType": "anonymous",
        "subComponents": {},
        "config": {
          "allow-default-scopes": [
            "true"
          ]
        }
      },
      {
        "id": "0ad76726-5db9-4112-a30b-770a121d129a",
        "name": "Full Scope Disabled",
        "providerId": "scope",
        "subType": "anonymous",
        "subComponents": {},
        "config": {}
      },
      {
        "id": "66873bf6-0e96-43ca-b0db-fd5fa1574f59",
        "name": "Allowed Protocol Mapper Types",
        "providerId": "allowed-protocol-mappers",
        "subType": "anonymous",
        "subComponents": {},
        "config": {
          "allowed-protocol-mapper-types": [
            "oidc-sha256-pairwise-sub-mapper",
            "oidc-full-name-mapper",
            "oidc-usermodel-attribute-mapper",
            "oidc-address-mapper",
            "saml-user-property-mapper",
            "saml-user-attribute-mapper",
            "oidc-usermodel-property-mapper",
            "saml-role-list-mapper"
          ]
        }
      },
      {
        "id": "f289bdc2-4a30-4565-a694-ece47f962a46",
        "name": "Consent Required",
        "providerId": "consent-required",
        "subType": "anonymous",
        "subComponents": {},
        "config": {}
      },
      {
        "id": "19748529-181e-4dc0-82e4-2f9d2302d43e",
        "name": "Allowed Protocol Mapper Types",
        "providerId": "allowed-protocol-mappers",
        "subType": "authenticated",
        "subComponents": {},
        "config": {
          "allowed-protocol-mapper-types": [
            "oidc-usermodel-attribute-mapper",
            "saml-user-property-mapper",
            "oidc-usermodel-property-mapper",
            "saml-role-list-mapper",
            "oidc-sha256-pairwise-sub-mapper",
            "oidc-full-name-mapper",
            "oidc-address-mapper",
            "saml-user-attribute-mapper"
          ]
        }
      },
      {
        "id": "aacb3000-1ab6-4a2c-ac23-c3af6f0ba2d3",
        "name": "Trusted Hosts",
        "providerId": "trusted-hosts",
        "subType": "anonymous",
        "subComponents": {},
        "config": {
          "host-sending-registration-request-must-match": [
            "true"
          ],
          "client-uris-must-match": [
            "true"
          ]
        }
      },
      {
        "id": "1ec93c11-7ada-4eff-abfc-6756da67c6f5",
        "name": "Allowed Client Scopes",
        "providerId": "allowed-client-templates",
        "subType": "authenticated",
        "subComponents": {},
        "config": {
          "allow-default-scopes": [
            "true"
          ]
        }
      }
    ],
    "org.keycloak.keys.KeyProvider": [
      {
        "id": "d2a02809-728a-47d9-959e-5be6472e7052",
        "name": "rsa-generated",
        "providerId": "rsa-generated",
        "subComponents": {},
        "config": {
          "priority": [
            "100"
          ]
        }
      },
      {
        "id": "42da6868-7ef2-4801-b5db-1c0e58e0e077",
        "name": "hmac-generated",
        "providerId": "hmac-generated",
        "subComponents": {},
        "config": {
          "priority": [
            "100"
          ],
          "algorithm": [
            "HS256"
          ]
        }
      },
      {
        "id": "8f6aacb6-4c9b-44ac-af64-a6e23e97fdae",
        "name": "aes-generated",
        "providerId": "aes-generated",
        "subComponents": {},
        "config": {
          "priority": [
            "100"
          ]
        }
      }
    ]
  },
  "internationalizationEnabled": false,
  "supportedLocales": [],
  "authenticationFlows": [
    {
      "id": "1671f306-b6e8-4ea5-998d-b0fee5413a1b",
      "alias": "Account verification options",
      "description": "Method with which to verity the existing account",
      "providerId": "basic-flow",
      "topLevel": false,
      "builtIn": true,
      "authenticationExecutions": [
        {
          "authenticator": "idp-email-verification",
          "authenticatorFlow": false,
          "requirement": "ALTERNATIVE",
          "priority": 10,
          "userSetupAllowed": false,
          "autheticatorFlow": false
        },
        {
          "authenticatorFlow": true,
          "requirement": "ALTERNATIVE",
          "priority": 20,
          "flowAlias": "Verify Existing Account by Re-authentication",
          "userSetupAllowed": false,
          "autheticatorFlow": true
        }
      ]
    },
    {
      "id": "ebef5fa4-0ab1-4f86-93a8-92a2040a944b",
      "alias": "Authentication Options",
      "description": "Authentication options.",
      "providerId": "basic-flow",
      "topLevel": false,
      "builtIn": true,
      "authenticationExecutions": [
        {
          "authenticator": "basic-auth",
          "authenticatorFlow": false,
          "requirement": "REQUIRED",
          "priority": 10,
          "userSetupAllowed": false,
          "autheticatorFlow": false
        },
        {
          "authenticator": "basic-auth-otp",
          "authenticatorFlow": false,
          "requirement": "DISABLED",
          "priority": 20,
          "userSetupAllowed": false,
          "autheticatorFlow": false
        },
        {
          "authenticator": "auth-spnego",
          "authenticatorFlow": false,
          "requirement": "DISABLED",
          "priority": 30,
          "userSetupAllowed": false,
          "autheticatorFlow": false
        }
      ]
    },
    {
      "id": "3bd1ecbc-d4f5-4e66-b180-ee4355237439",
      "alias": "Browser - Conditional OTP",
      "description": "Flow to determine if the OTP is required for the authentication",
      "providerId": "basic-flow",
      "topLevel": false,
      "builtIn": true,
      "authenticationExecutions": [
        {
          "authenticator": "conditional-user-configured",
          "authenticatorFlow": false,
          "requirement": "REQUIRED",
          "priority": 10,
          "userSetupAllowed": false,
          "autheticatorFlow": false
        },
        {
          "authenticator": "auth-otp-form",
          "authenticatorFlow": false,
          "requirement": "REQUIRED",
          "priority": 20,
          "userSetupAllowed": false,
          "autheticatorFlow": false
        }
      ]
    },
    {
      "id": "9426c43e-1c23-472d-a096-76f0b3748dcb",
      "alias": "Direct Grant - Conditional OTP",
      "description": "Flow to determine if the OTP is required for the authentication",
      "providerId": "basic-flow",
      "topLevel": false,
      "builtIn": true,
      "authenticationExecutions": [
        {
          "authenticator": "conditional-user-configured",
          "authenticatorFlow": false,
          "requirement": "REQUIRED",
          "priority": 10,
          "userSetupAllowed": false,
          "autheticatorFlow": false
        },
        {
          "authenticator": "direct-grant-validate-otp",
          "authenticatorFlow": false,
          "requirement": "REQUIRED",
          "priority": 20,
          "userSetupAllowed": false,
          "autheticatorFlow": false
        }
      ]
    },
    {
      "id": "2b8c929e-1063-47bb-a622-3d3ffd6320bc",
      "alias": "First broker login - Conditional OTP",
      "description": "Flow to determine if the OTP is required for the authentication",
      "providerId": "basic-flow",
      "topLevel": false,
      "builtIn": true,
      "authenticationExecutions": [
        {
          "authenticator": "conditional-user-configured",
          "authenticatorFlow": false,
          "requirement": "REQUIRED",
          "priority": 10,
          "userSetupAllowed": false,
          "autheticatorFlow": false
        },
        {
          "authenticator": "auth-otp-form",
          "authenticatorFlow": false,
          "requirement": "REQUIRED",
          "priority": 20,
          "userSetupAllowed": false,
          "autheticatorFlow": false
        }
      ]
    },
    {
      "id": "647d32ed-1f62-46e3-a5e7-c11d209e4d94",
      "alias": "Handle Existing Account",
      "description": "Handle what to do if there is existing account with same email/username like authenticated identity provider",
      "providerId": "basic-flow",
      "topLevel": false,
      "builtIn": true,
      "authenticationExecutions": [
        {
          "authenticator": "idp-confirm-link",
          "authenticatorFlow": false,
          "requirement": "REQUIRED",
          "priority": 10,
          "userSetupAllowed": false,
          "autheticatorFlow": false
        },
        {
          "authenticatorFlow": true,
          "requirement": "REQUIRED",
          "priority": 20,
          "flowAlias": "Account verification options",
          "userSetupAllowed": false,
          "autheticatorFlow": true
        }
      ]
    },
    {
      "id": "25af8ca9-a010-4d38-9c36-126d48d3bc20",
      "alias": "Reset - Conditional OTP",
      "description": "Flow to determine if the OTP should be reset or not. Set to REQUIRED to force.",
      "providerId": "basic-flow",
      "topLevel": false,
      "builtIn": true,
      "authenticationExecutions": [
        {
          "authenticator": "conditional-user-configured",
          "authenticatorFlow": false,
          "requirement": "REQUIRED",
          "priority": 10,
          "userSetupAllowed": false,
          "autheticatorFlow": false
        },
        {
          "authenticator": "reset-otp",
          "authenticatorFlow": false,
          "requirement": "REQUIRED",
          "priority": 20,
          "userSetupAllowed": false,
          "autheticatorFlow": false
        }
      ]
    },
    {
      "id": "f85489e5-1590-4a6a-863d-d33cbcdb6911",
      "alias": "User creation or linking",
      "description": "Flow for the existing/non-existing user alternatives",
      "providerId": "basic-flow",
      "topLevel": false,
      "builtIn": true,
      "authenticationExecutions": [
        {
          "authenticatorConfig": "create unique user config",
          "authenticator": "idp-create-user-if-unique",
          "authenticatorFlow": false,
          "requirement": "ALTERNATIVE",
          "priority": 10,
          "userSetupAllowed": false,
          "autheticatorFlow": false
        },
        {
          "authenticatorFlow": true,
          "requirement": "ALTERNATIVE",
          "priority": 20,
          "flowAlias": "Handle Existing Account",
          "userSetupAllowed": false,
          "autheticatorFlow": true
        }
      ]
    },
    {
      "id": "edf8ed1d-b1f6-44cb-944e-042be9cb0544",
      "alias": "Verify Existing Account by Re-authentication",
      "description": "Reauthentication of existing account",
      "providerId": "basic-flow",
      "topLevel": false,
      "builtIn": true,
      "authenticationExecutions": [
        {
          "authenticator": "idp-username-password-form",
          "authenticatorFlow": false,
          "requirement": "REQUIRED",
          "priority": 10,
          "userSetupAllowed": false,
          "autheticatorFlow": false
        },
        {
          "authenticatorFlow": true,
          "requirement": "CONDITIONAL",
          "priority": 20,
          "flowAlias": "First broker login - Conditional OTP",
          "userSetupAllowed": false,
          "autheticatorFlow": true
        }
      ]
    },
    {
      "id": "ec7c93e9-f574-4c1f-9432-d1fd8fb4609c",
      "alias": "browser",
      "description": "browser based authentication",
      "providerId": "basic-flow",
      "topLevel": true,
      "builtIn": true,
      "authenticationExecutions": [
        {
          "authenticator": "auth-cookie",
          "authenticatorFlow": false,
          "requirement": "ALTERNATIVE",
          "priority": 10,
          "userSetupAllowed": false,
          "autheticatorFlow": false
        },
        {
          "authenticator": "auth-spnego",
          "authenticatorFlow": false,
          "requirement": "DISABLED",
          "priority": 20,
          "userSetupAllowed": false,
          "autheticatorFlow": false
        },
        {
          "authenticator": "identity-provider-redirector",
          "authenticatorFlow": false,
          "requirement": "ALTERNATIVE",
          "priority": 25,
          "userSetupAllowed": false,
          "autheticatorFlow": false
        },
        {
          "authenticatorFlow": true,
          "requirement": "ALTERNATIVE",
          "priority": 30,
          "flowAlias": "forms",
          "userSetupAllowed": false,
          "autheticatorFlow": true
        }
      ]
    },
    {
      "id": "f8859917-0315-40eb-931f-174b39f4f019",
      "alias": "clients",
      "description": "Base authentication for clients",
      "providerId": "client-flow",
      "topLevel": true,
      "builtIn": true,
      "authenticationExecutions": [
        {
          "authenticator": "client-secret",
          "authenticatorFlow": false,
          "requirement": "ALTERNATIVE",
          "priority": 10,
          "userSetupAllowed": false,
          "autheticatorFlow": false
        },
        {
          "authenticator": "client-jwt",
          "authenticatorFlow": false,
          "requirement": "ALTERNATIVE",
          "priority": 20,
          "userSetupAllowed": false,
          "autheticatorFlow": false
        },
        {
          "authenticator": "client-secret-jwt",
          "authenticatorFlow": false,
          "requirement": "ALTERNATIVE",
          "priority": 30,
          "userSetupAllowed": false,
          "autheticatorFlow": false
        },
        {
          "authenticator": "client-x509",
          "authenticatorFlow": false,
          "requirement": "ALTERNATIVE",
          "priority": 40,
          "userSetupAllowed": false,
          "autheticatorFlow": false
        }
      ]
    },
    {
      "id": "12831559-d9e6-4906-a1ca-7a8dce3e22dd",
      "alias": "direct grant",
      "description": "OpenID Connect Resource Owner Grant",
      "providerId": "basic-flow",
      "topLevel": true,
      "builtIn": true,
      "authenticationExecutions": [
        {
          "authenticator": "direct-grant-validate-username",
          "authenticatorFlow": false,
          "requirement": "REQUIRED",
          "priority": 10,
          "userSetupAllowed": false,
          "autheticatorFlow": false
        },
        {
          "authenticator": "direct-grant-validate-password",
          "authenticatorFlow": false,
          "requirement": "REQUIRED",
          "priority": 20,
          "userSetupAllowed": false,
          "autheticatorFlow": false
        },
        {
          "authenticatorFlow": true,
          "requirement": "CONDITIONAL",
          "priority": 30,
          "flowAlias": "Direct Grant - Conditional OTP",
          "userSetupAllowed": false,
          "autheticatorFlow": true
        }
      ]
    },
    {
      "id": "71d6cbba-cd40-4e11-a477-ec020c5dc7d4",
      "alias": "docker auth",
      "description": "Used by Docker clients to authenticate against the IDP",
      "providerId": "basic-flow",
      "topLevel": true,
      "builtIn": true,
      "authenticationExecutions": [
        {
          "authenticator": "docker-http-basic-authenticator",
          "authenticatorFlow": false,
          "requirement": "REQUIRED",
          "priority": 10,
          "userSetupAllowed": false,
          "autheticatorFlow": false
        }
      ]
    },
    {
      "id": "14c57818-6605-4845-8f68-b4909a95de28",
      "alias": "first broker login",
      "description": "Actions taken after first broker login with identity provider account, which is not yet linked to any Keycloak account",
      "providerId": "basic-flow",
      "topLevel": true,
      "builtIn": true,
      "authenticationExecutions": [
        {
          "authenticatorConfig": "review profile config",
          "authenticator": "idp-review-profile",
          "authenticatorFlow": false,
          "requirement": "REQUIRED",
          "priority": 10,
          "userSetupAllowed": false,
          "autheticatorFlow": false
        },
        {
          "authenticatorFlow": true,
          "requirement": "REQUIRED",
          "priority": 20,
          "flowAlias": "User creation or linking",
          "userSetupAllowed": false,
          "autheticatorFlow": true
        }
      ]
    },
    {
      "id": "cc52afec-3970-4016-8fb5-43f94b495882",
      "alias": "forms",
      "description": "Username, password, otp and other auth forms.",
      "providerId": "basic-flow",
      "topLevel": false,
      "builtIn": true,
      "authenticationExecutions": [
        {
          "authenticator": "auth-username-password-form",
          "authenticatorFlow": false,
          "requirement": "REQUIRED",
          "priority": 10,
          "userSetupAllowed": false,
          "autheticatorFlow": false
        },
        {
          "authenticatorFlow": true,
          "requirement": "CONDITIONAL",
          "priority": 20,
          "flowAlias": "Browser - Conditional OTP",
          "userSetupAllowed": false,
          "autheticatorFlow": true
        }
      ]
    },
    {
      "id": "c70e00a1-b334-40c1-83cf-5255eafaedad",
      "alias": "http challenge",
      "description": "An authentication flow based on challenge-response HTTP Authentication Schemes",
      "providerId": "basic-flow",
      "topLevel": true,
      "builtIn": true,
      "authenticationExecutions": [
        {
          "authenticator": "no-cookie-redirect",
          "authenticatorFlow": false,
          "requirement": "REQUIRED",
          "priority": 10,
          "userSetupAllowed": false,
          "autheticatorFlow": false
        },
        {
          "authenticatorFlow": true,
          "requirement": "REQUIRED",
          "priority": 20,
          "flowAlias": "Authentication Options",
          "userSetupAllowed": false,
          "autheticatorFlow": true
        }
      ]
    },
    {
      "id": "da6937ee-0268-455f-b6aa-53aa0e460ab0",
      "alias": "registration",
      "description": "registration flow",
      "providerId": "basic-flow",
      "topLevel": true,
      "builtIn": true,
      "authenticationExecutions": [
        {
          "authenticator": "registration-page-form",
          "authenticatorFlow": true,
          "requirement": "REQUIRED",
          "priority": 10,
          "flowAlias": "registration form",
          "userSetupAllowed": false,
          "autheticatorFlow": true
        }
      ]
    },
    {
      "id": "e197249c-1fa8-418e-9ba2-71fbdbdfc194",
      "alias": "registration form",
      "description": "registration form",
      "providerId": "form-flow",
      "topLevel": false,
      "builtIn": true,
      "authenticationExecutions": [
        {
          "authenticator": "registration-user-creation",
          "authenticatorFlow": false,
          "requirement": "REQUIRED",
          "priority": 20,
          "userSetupAllowed": false,
          "autheticatorFlow": false
        },
        {
          "authenticator": "registration-profile-action",
          "authenticatorFlow": false,
          "requirement": "REQUIRED",
          "priority": 40,
          "userSetupAllowed": false,
          "autheticatorFlow": false
        },
        {
          "authenticator": "registration-password-action",
          "authenticatorFlow": false,
          "requirement": "REQUIRED",
          "priority": 50,
          "userSetupAllowed": false,
          "autheticatorFlow": false
        },
        {
          "authenticator": "registration-recaptcha-action",
          "authenticatorFlow": false,
          "requirement": "DISABLED",
          "priority": 60,
          "userSetupAllowed": false,
          "autheticatorFlow": false
        }
      ]
    },
    {
      "id": "9ea6905e-7b28-4eef-ac59-8a5cfea75b92",
      "alias": "reset credentials",
      "description": "Reset credentials for a user if they forgot their password or something",
      "providerId": "basic-flow",
      "topLevel": true,
      "builtIn": true,
      "authenticationExecutions": [
        {
          "authenticator": "reset-credentials-choose-user",
          "authenticatorFlow": false,
          "requirement": "REQUIRED",
          "priority": 10,
          "userSetupAllowed": false,
          "autheticatorFlow": false
        },
        {
          "authenticator": "reset-credential-email",
          "authenticatorFlow": false,
          "requirement": "REQUIRED",
          "priority": 20,
          "userSetupAllowed": false,
          "autheticatorFlow": false
        },
        {
          "authenticator": "reset-password",
          "authenticatorFlow": false,
          "requirement": "REQUIRED",
          "priority": 30,
          "userSetupAllowed": false,
          "autheticatorFlow": false
        },
        {
          "authenticatorFlow": true,
          "requirement": "CONDITIONAL",
          "priority": 40,
          "flowAlias": "Reset - Conditional OTP",
          "userSetupAllowed": false,
          "autheticatorFlow": true
        }
      ]
    },
    {
      "id": "003d8d5d-7291-4cb0-9a4a-3aed096370a1",
      "alias": "saml ecp",
      "description": "SAML ECP Profile Authentication Flow",
      "providerId": "basic-flow",
      "topLevel": true,
      "builtIn": true,
      "authenticationExecutions": [
        {
          "authenticator": "http-basic-authenticator",
          "authenticatorFlow": false,
          "requirement": "REQUIRED",
          "priority": 10,
          "userSetupAllowed": false,
          "autheticatorFlow": false
        }
      ]
    }
  ],
  "authenticatorConfig": [
    {
      "id": "2a48895e-b9a8-4cdc-8a4f-2c1cbc198034",
      "alias": "create unique user config",
      "config": {
        "require.password.update.after.registration": "false"
      }
    },
    {
      "id": "b1766efc-5ac0-43f7-b099-508d1dd70346",
      "alias": "review profile config",
      "config": {
        "update.profile.on.first.login": "missing"
      }
    }
  ],
  "requiredActions": [
    {
      "alias": "CONFIGURE_TOTP",
      "name": "Configure OTP",
      "providerId": "CONFIGURE_TOTP",
      "enabled": true,
      "defaultAction": false,
      "priority": 10,
      "config": {}
    },
    {
      "alias": "terms_and_conditions",
      "name": "Terms and Conditions",
      "providerId": "terms_and_conditions",
      "enabled": false,
      "defaultAction": false,
      "priority": 20,
      "config": {}
    },
    {
      "alias": "UPDATE_PASSWORD",
      "name": "Update Password",
      "providerId": "UPDATE_PASSWORD",
      "enabled": true,
      "defaultAction": false,
      "priority": 30,
      "config": {}
    },
    {
      "alias": "UPDATE_PROFILE",
      "name": "Update Profile",
      "providerId": "UPDATE_PROFILE",
      "enabled": true,
      "defaultAction": false,
      "priority": 40,
      "config": {}
    },
    {
      "alias": "VERIFY_EMAIL",
      "name": "Verify Email",
      "providerId": "VERIFY_EMAIL",
      "enabled": true,
      "defaultAction": false,
      "priority": 50,
      "config": {}
    },
    {
      "alias": "delete_account",
      "name": "Delete Account",
      "providerId": "delete_account",
      "enabled": false,
      "defaultAction": false,
      "priority": 60,
      "config": {}
    },
    {
      "alias": "update_user_locale",
      "name": "Update User Locale",
      "providerId": "update_user_locale",
      "enabled": true,
      "defaultAction": false,
      "priority": 1000,
      "config": {}
    }
  ],
  "browserFlow": "browser",
  "registrationFlow": "registration",
  "directGrantFlow": "direct grant",
  "resetCredentialsFlow": "reset credentials",
  "clientAuthenticationFlow": "clients",
  "dockerAuthenticationFlow": "docker auth",
  "attributes": {
    "cibaBackchannelTokenDeliveryMode": "poll",
    "cibaExpiresIn": "120",
    "cibaAuthRequestedUserHint": "login_hint",
    "oauth2DeviceCodeLifespan": "600",
    "clientOfflineSessionMaxLifespan": "0",
    "oauth2DevicePollingInterval": "5",
    "clientSessionIdleTimeout": "0",
    "clientSessionMaxLifespan": "0",
    "parRequestUriLifespan": "60",
    "clientOfflineSessionIdleTimeout": "0",
    "cibaInterval": "5"
  },
  "keycloakVersion": "15.0.2",
  "userManagedAccessAllowed": false,
  "clientProfiles": {
    "profiles": []
  },
  "clientPolicies": {
    "policies": []
  }
}